temperature,humidity,soil_moisture,soil_ph,nitrogen,phosphorus,potassium,condition
23.451663854086643,69.93480705774871,62.794544335063385,6.468886621604976,33.917549250295664,29.516454441122526,16.25307961789268,Nutrient_Deficiency
44.19689042110737,39.04827716140367,33.66752512240224,7.168955949610749,64.85755657275969,38.961896927031695,31.950826409633816,Heat_Stress
36.70801544802318,48.03824544294524,38.13320694297811,6.054788003980363,43.602627360813386,49.52658676675105,48.90273320085882,Heat_Stress
42.23580526744515,48.7871258294284,25.187074725689676,7.4514104887697705,64.13582853674647,42.28697385330094,52.229669264412834,Heat_Stress
30.952124199180403,65.07179766631225,46.65143823707901,5.949539684244673,17.97193918323449,14.38040376146189,27.915295632286274,Nutrient_Deficiency
36.864173874175194,40.01952468606636,33.73958786443342,7.652699946052866,40.75209603750209,32.42176419249254,40.882460915653596,Heat_Stress
39.12903876513247,50.604460701748124,25.472215370079283,6.3791905985825705,62.291244834192135,43.531882417075465,33.16402391354872,Heat_Stress
21.600461972193123,62.38236418422858,56.00042854691375,7.37106716469479,17.472828373885605,24.0298862081477,27.21415092258316,Nutrient_Deficiency
33.09504196267533,87.12417878208257,55.537530813374104,6.870887438922637,57.53386567906221,22.875002295021783,37.401399243987214,Disease_Risk
29.672697473000323,76.09175288041124,54.14437623513916,7.186022952883406,50.417559653027034,46.09716924807177,43.64358083201624,Healthy
28.260633342775225,73.41011536451805,70.19374256428645,6.764042233803722,69.02223565271333,26.066326723074468,23.816352940818945,Disease_Risk
25.63969581930019,64.35929081813008,62.486624281153766,7.150347147534362,55.03367430103407,48.217424816727956,52.43776955865857,Healthy
35.419933690210954,48.50425720753179,34.2581203628495,6.992424567863225,52.99895321561318,27.684397082490232,29.730953685921254,Heat_Stress
26.55313424456116,75.49255862602195,76.81745539586315,6.1783059972783265,54.084005312160784,45.274014036774446,39.708744094178215,Disease_Risk
24.485783776370305,73.19678736835915,75.50878457030655,7.169608075633654,59.912934708771765,47.78711127417222,28.487765245763807,Disease_Risk
31.166904949107234,77.5461753652691,73.14443491769444,6.365820969096671,51.597903166220476,26.00230956397524,32.06902867211359,Disease_Risk
27.894972807561466,30.104198848347234,10.568383183049164,6.396725977405963,63.57249502217985,41.33336017075062,40.958008254902765,Water_Stress
34.692798055485284,79.56582456912545,68.77215267303181,5.805473302345762,54.878670460949124,22.89000885788458,22.29551777118756,Disease_Risk
39.688688103410215,40.379893311721474,34.076971763513676,7.267629094891459,54.73556375020749,53.817439074313754,48.94669666020973,Heat_Stress
32.77456937132555,39.73290991717238,19.63094793489959,6.383694702592642,53.572984578243776,27.540985507855677,52.034081345693,Water_Stress
25.139688715515092,50.14495647994014,42.385254156364525,6.053814260516299,28.49540539846542,18.72248132179377,26.802201175613106,Nutrient_Deficiency
21.464442182776942,63.945436056479664,60.05997463182915,7.140322943320339,69.66527031556217,35.314383868416876,53.185442677426806,Healthy
26.306046462209306,52.57336939643857,24.739347944037828,6.568063818686241,73.71370486936425,34.43511004546508,29.19490566427701,Water_Stress
27.94268253157927,64.7165282346103,52.1803097166479,6.3952139704093485,29.600786214262538,16.35718010744379,14.39924030855115,Nutrient_Deficiency
37.65840659609901,44.88609679611068,22.438084812340684,7.648620933253927,58.17465487372297,49.03444262205321,46.81243973027907,Water_Stress
32.999906774131595,37.4481084114356,31.63268754301794,6.119399324260321,51.46025372804182,42.33061113680789,34.38144762586819,Water_Stress
25.692070493190926,65.77221176611684,48.108841454367706,7.03301698681814,70.99201054927153,58.28028722232122,45.01416531353777,Healthy
32.28857888151819,80.54305523395831,52.98637013755591,7.103537357282979,46.53637674987914,32.279279581769984,33.762591917479156,Disease_Risk
30.75864527658016,89.22797912859093,60.18035696977569,6.63223288545929,55.07033886309912,35.668087572004204,30.928240074773136,Disease_Risk
33.137691481298006,86.4884830787508,60.89194303000335,7.4104030619460115,53.76817037403771,20.17416082235282,49.0931154140488,Disease_Risk
29.089540190590974,43.53002912239953,11.34028156577092,6.5180783443427375,40.335420384714844,29.096041439874877,49.45647821961585,Water_Stress
29.09387638427892,66.043803490585,55.20739639488532,6.209665518760832,78.38784598645839,39.13093753068016,44.778738569346174,Healthy
38.65783321948378,32.79421131813173,29.107187467192666,5.8001846927898555,68.53829262063108,50.43839465148012,35.31654751749983,Heat_Stress
21.883128479620893,75.46536724328003,60.55613454338199,7.673539086531919,11.871631061924619,19.832959222888025,14.817836333944623,Nutrient_Deficiency
34.39161634273619,48.842401150227076,13.784353271107024,6.623419788719356,64.0298159456509,50.798875738064496,27.600641003979657,Water_Stress
28.297615831528226,73.92143977151967,48.469817295454654,7.05830426293362,63.458044219467396,30.157535949168537,32.376773138121635,Healthy
39.11251763279349,38.29013461148956,48.01305573173579,7.588260186267605,72.66375106455301,33.21388493894571,48.37323654918379,Heat_Stress
27.683495774361646,63.16916145623708,41.05121728418044,7.1422105567671075,30.09774772788459,15.720130234173908,10.672187027925169,Nutrient_Deficiency
30.34527624764472,75.32382012546178,78.67409761128411,6.984416021974429,48.69181253550528,48.11488776756667,35.981580050796296,Disease_Risk
22.246406659972884,63.982598654531536,45.61063469317066,6.367263816117525,64.25409032656415,55.49213083874196,32.184846875537076,Healthy
35.64655238405796,53.86970507987863,20.228539756122537,6.79860643057792,62.166761387878225,32.260635030123964,44.75988905596954,Water_Stress
29.90031260466798,66.10760488638721,60.52568302680371,6.914446368367695,72.20267916453635,58.42770600976134,36.23363717470654,Healthy
30.059035895775665,56.8957730100816,18.293245990545714,7.311218529041785,44.898270798231906,54.65433873742309,46.72490710282945,Water_Stress
25.44274423804065,77.33485104944464,69.89848150806868,7.419606736553625,63.32322983181386,40.19321880918,42.037538966593644,Disease_Risk
31.377742573550172,35.04700937854623,29.87438785884085,6.138531421720363,65.21097357667328,39.64948963762397,52.506981690831005,Water_Stress
25.412553323300028,42.26600807457745,29.22430156458707,7.331655365847423,74.24166497234353,44.376424542914904,37.61085816646984,Water_Stress
33.31656472782923,87.14383445872295,72.74248032182184,6.138798258475809,49.13461919829423,42.05516326431404,27.82039638760962,Disease_Risk
41.89210549059649,25.354599358313468,26.322571571043433,6.962016437958893,51.39026699703992,43.38334289085314,32.79102307270894,Heat_Stress
25.023584899213407,66.06543235936789,61.00682041116687,6.6870609703048,32.04134673544057,19.525245621629374,11.579100995481664,Nutrient_Deficiency
26.61695856814154,71.0287864122117,56.081904322716454,5.752947024120221,40.416287889978925,25.53489749248818,36.87461727271997,Disease_Risk
30.315100304127267,65.13078578212138,47.59385038014818,5.87390298406614,12.40746441808011,19.51738370978955,22.29496338960734,Nutrient_Deficiency
27.72494810970797,84.87402074859095,79.67314615212467,5.745524335397327,63.52436525365835,41.75601500997918,28.355549968365654,Disease_Risk
27.285253198005215,57.58904435552802,34.92929507721275,6.593989148556599,57.33843640626152,53.098262343332884,53.863941402500274,Water_Stress
29.059662807318002,62.396844748878095,58.51365250890613,6.706169392517202,19.255324221978675,21.09822712596657,15.075552908853926,Nutrient_Deficiency
26.31102957270099,64.5788356762231,67.6355003251532,7.289453100380619,52.1257204966596,37.14013903106986,50.06933334888842,Healthy
22.65203058172152,75.68141203897139,56.37520918347858,6.634511228985245,78.7195292257902,59.86268068478142,46.67304970216855,Healthy
37.473965193151926,33.52525840174267,38.79442053878569,6.062554221253728,69.34812226125061,25.857138790597386,44.90647405911413,Heat_Stress
22.109828435863264,78.85819428670109,66.90919066181672,6.472016821197717,69.66315995884639,41.86895703181993,57.436427692216306,Healthy
34.253518352093764,57.819733701695334,25.942500564100406,7.387392767690005,57.806451081100526,28.640873652353708,31.029411135330573,Water_Stress
24.268548211012995,81.37101994152378,72.01422527322052,7.248398076044543,46.21441489009432,43.695761383671716,31.112613818081684,Disease_Risk
36.88629648566736,41.12114764293776,20.348254264465616,6.9250494549287085,47.744593441067884,29.377681393076458,32.82322329729308,Water_Stress
23.1391564505836,76.96030559012671,62.99385657534876,6.450483402316896,59.2785398662596,42.251787258576506,42.07201161173174,Healthy
29.54020546678951,71.87973729847533,46.19391544700972,7.873662758826281,23.838104694106974,21.10139491280524,12.46470317866998,Nutrient_Deficiency
29.31502092295748,33.7342502473315,19.200479357866826,7.578973034024562,66.01576969318674,51.8391248486516,36.59934304782077,Water_Stress
37.28566749499669,27.996092227283594,28.098473207076097,6.271610345771015,55.12765631057922,36.42650146694404,29.37531206012609,Heat_Stress
35.66136324234889,52.81309618533382,49.56882918759104,7.534258005277207,57.148001447880226,34.74686880412137,38.726347883251364,Heat_Stress
38.47930206952933,49.51425100139626,32.49565137853758,7.53566219390244,70.4425279942427,31.80153014086455,44.583375494810525,Heat_Stress
32.62432695350754,71.94338243804991,72.11423078141303,7.01466806875538,31.700677632198033,23.23452145594195,43.791655449522025,Disease_Risk
22.20538694323819,64.38843269242872,55.89589940116591,6.043537229920073,60.08388631095147,50.37425655085049,42.12950007412911,Healthy
20.06035806888806,67.8996466235999,51.11456145663383,7.86744847307218,17.61727880873771,24.965931734655868,28.07092751949092,Nutrient_Deficiency
23.14517157170168,66.4654757255199,69.25461817021443,6.606262585501119,65.43788756987315,59.64357644345262,49.72981159449387,Healthy
20.70375674798213,78.274009639997,39.78186192446495,6.540069291577241,24.76875757475846,26.04529568090192,23.56786272498411,Nutrient_Deficiency
30.513356554916804,74.39442048819123,52.24681636321727,7.23547965367825,34.151386390827646,21.263372076098605,25.399343854676673,Nutrient_Deficiency
38.25869728298112,44.48354238366872,43.77292818623441,6.865491131856663,54.02857661745517,37.40325717000111,43.62624516569623,Heat_Stress
34.41596811807794,46.76551428817582,21.98485516177287,7.538947703049075,51.65375087865874,53.7105928158002,25.460011186854786,Water_Stress
34.19849836734364,54.17328479804661,32.86852934539763,6.924771899173818,73.87251659913193,41.71860274597819,29.022782531772343,Water_Stress
38.57963365871404,38.76161777285123,39.957270643206314,7.565648038746452,45.83832616162416,30.411896158002047,37.046715208446855,Heat_Stress
29.38930003927104,62.68582228786735,47.88571676047756,6.160553966564127,66.59670922654448,38.17044636944449,48.14489481090672,Healthy
24.885615513286417,53.193948691777294,37.171579115801116,6.2356295611703,33.67538662944156,26.058844851447148,29.134186991705505,Nutrient_Deficiency
26.21550657055242,41.37792066719447,23.817535988242383,5.912229878257931,40.33075604289457,30.141507256631428,39.99575179338376,Water_Stress
38.335696346307756,36.80199453481824,24.71015751772498,6.4935598058150905,52.316957879351335,43.75692910753031,32.08614297121638,Heat_Stress
22.717151070821846,66.39419136837525,58.50380556296141,6.207561092274234,56.9378443918456,50.81849436897157,51.19257425083657,Healthy
31.01091797460601,54.207460576631775,28.082001995625056,6.591897419906514,68.57586290765957,47.37413448495447,42.34933795177106,Water_Stress
20.64228850713878,68.15198739333174,58.565278512597885,6.623661351154734,56.20503168543231,42.60430553320277,57.14515435020531,Healthy
27.436093185862404,43.465310310643545,23.86850001522169,6.616088350166275,40.9191666404654,35.617428620357764,27.791927813796224,Water_Stress
25.407751738579222,68.49027290778359,44.17026468220162,6.960424832112993,24.138800197627745,17.289868713572584,16.326663189926585,Nutrient_Deficiency
34.87900086788484,84.13993066449596,76.30186142633765,6.755488703631171,51.33154626026624,37.86646743875099,30.510114051223162,Disease_Risk
44.95024335557551,35.6156003312257,23.891394126629077,6.925268675333215,58.18970300645728,43.95572822490508,39.775133611555475,Heat_Stress
36.54267290893725,54.92368129031412,40.10198245768603,6.068554896289151,42.511109878820356,25.471233981250798,46.64017697085932,Heat_Stress
32.15128904096714,58.59013834458888,21.54055557082871,7.2167341025121265,55.3459234008118,33.73993623955886,45.78505837973029,Water_Stress
34.20270789253528,51.04498833671598,14.095815773385189,7.706032403509395,58.30518769549429,48.48961304631237,46.62296554280377,Water_Stress
22.53668602527077,74.71908302765422,57.22834396760024,7.398733238065642,31.67972426375564,26.420347847969204,20.305394052191136,Nutrient_Deficiency
26.62549517039676,50.38895713023915,42.54023385116917,7.0514042390296225,29.523122321897134,27.4023618464267,26.59966963910289,Nutrient_Deficiency
28.403096795637445,37.8086931341971,21.156827810140406,7.792730224309521,49.99519071943553,52.49436728625644,39.73600585762672,Water_Stress
41.32272526599584,53.764716605933245,22.72000924468533,6.869252593120069,73.6323932700023,27.41370354023164,38.789180612665355,Heat_Stress
21.09364253060815,66.3237808765904,40.54643661626142,7.713731731873848,19.235041623298628,18.915505415889164,15.265919333657685,Nutrient_Deficiency
35.82510166815082,40.16788327921828,45.543357681579025,6.355697593868538,44.63885669822187,33.42915794444467,50.73575152239704,Heat_Stress
27.459354367136097,66.61582594391861,62.571373554644225,6.4063746404642945,57.54211028602825,33.619676542569174,35.77752880354552,Healthy
29.87892453066448,71.90904636938839,68.7509902110789,7.337138888715655,68.37956968285289,51.578218838279014,45.14334494473206,Healthy
34.55014104195892,75.24484939001007,71.0755850123689,5.950874452597853,44.10846677360923,28.020735570095322,40.4068021676531,Disease_Risk
36.17925723921272,50.4420936571056,43.98693053766519,7.797974014500261,54.49143988335301,35.013767708014704,41.812465147534795,Heat_Stress
26.331413705407478,54.902121496276195,28.783637368591805,6.395417870205787,74.97594342476177,38.49197028491241,35.457309304669415,Water_Stress
28.341664957880095,79.27253032703665,78.88202336600355,6.6191207772661,53.21947639565832,27.808749564707238,35.11240165520604,Disease_Risk
32.001513008212484,57.99071801349923,27.404282516170568,6.074545909601846,61.54869620450723,42.60491495712445,32.2737411523086,Water_Stress
41.32908965901745,34.735404628902906,25.02081069224858,6.352200087676895,44.187735720375855,48.674313405846654,25.267895676680265,Heat_Stress
38.87490840180736,40.72209306431357,34.92647478708642,6.902935614498428,61.45637348226843,34.67800119738382,44.22711789355219,Heat_Stress
29.302366866049137,60.97455890309028,41.69919942873065,7.430362108901157,28.330670680322527,15.819983204287478,19.294022843409056,Nutrient_Deficiency
25.253290400994402,86.53945808538775,51.284326855213926,5.864416269107309,45.71829350151381,22.498716954049073,46.302660414065095,Disease_Risk
21.756948018758422,67.60414891430473,62.59178158456659,6.7503935198343195,75.00062607259635,54.18600559700292,32.162264897764736,Healthy
33.43411853064917,79.71177537140736,76.8426184998913,6.285951136462501,69.11971417603692,27.666010700364744,22.70750983126217,Disease_Risk
22.206429170424308,52.04529407313278,50.15421051368948,6.539828109426054,23.425898813347715,11.83891107878133,14.423961622029056,Nutrient_Deficiency
33.68931972751499,88.39401962836148,46.91840863239599,7.390644459575476,56.9861186635466,46.63933717866895,23.32899631178863,Disease_Risk
29.555250010519323,72.13084654249542,58.035272509097986,7.009690425023565,44.42573625726712,39.94985764744534,24.54833643582603,Disease_Risk
30.50948795235735,73.72424254450104,65.07952747075865,5.5101551624800535,69.20736165172582,21.201760394410826,34.11957891288615,Disease_Risk
24.885778468487874,75.16329306964933,62.265233486163076,6.968854349611428,64.72464005235759,53.787986043969525,32.79160051664015,Healthy
21.215093731680028,56.166514301538115,40.699527727651564,7.242991759518393,28.05095261439189,24.599480113405797,15.305295386999532,Nutrient_Deficiency
23.333620360605565,71.65479029172839,48.535709514607944,6.524731181303766,79.03089523078233,50.95439888435643,41.75873953006081,Healthy
33.83903217716715,70.79925019420973,47.228295518612235,6.361240925102968,54.70251686176367,23.620640984620476,26.722869162194122,Disease_Risk
26.455697971571013,50.21991758650535,36.9641546631116,7.175837815357641,29.339556659231917,27.299017114252624,18.484189038822812,Nutrient_Deficiency
27.658670858712618,57.45379378780669,23.801982313695362,7.35102776412754,53.32316105305229,41.00950382248789,35.77778666654727,Water_Stress
31.128911073752455,84.81329166981237,76.8636156550027,5.631000472142397,42.19649824931362,30.127827712099084,20.591359705869138,Disease_Risk
28.94411993722379,57.13987775448191,64.4713896482107,5.91971854187896,32.13300633487843,11.774520251402528,24.17931626290449,Nutrient_Deficiency
41.88654278254345,53.0167502436455,49.58835327032334,6.374374607608521,61.30956124270654,34.494656754954164,40.76173675994784,Heat_Stress
32.463733591279855,46.054568306808136,28.077941956060585,7.673338759501252,71.96304039844483,30.251943264428895,51.467349194944994,Water_Stress
31.57077801930903,59.00059891657426,15.378610563156027,6.5057901777127105,41.76891416197621,39.84682610575529,51.47018429104603,Water_Stress
31.76707738475723,59.72213330191933,56.11208758542867,6.803432260333876,30.741178891341256,26.697445324347868,15.266321387683067,Nutrient_Deficiency
31.81337720757528,68.41896772150142,50.630166296616764,7.279014579272453,24.936814095352407,28.914317156912155,26.40457468856441,Nutrient_Deficiency
21.778396895521336,67.63802399844164,57.75132163573019,7.849124962467775,33.123204168981836,21.25367518954645,12.019808856508973,Nutrient_Deficiency
29.6482711175452,71.48163092678084,49.16227762996051,6.006024942446969,32.649894446625055,40.02759270599612,42.636508143656755,Disease_Risk
24.171933588951052,82.17418687059033,45.222235249376595,5.8588257122954275,33.565649600845944,39.552673755674924,46.60745425903757,Disease_Risk
23.363199478198243,56.6627834923944,52.29995559042229,5.63537042822196,29.981747944499524,19.566401532240867,20.81535891183654,Nutrient_Deficiency
29.220744430066695,91.68814549693857,79.53234215631772,5.632231562333598,68.4038119288322,42.6834216063706,22.653448359657567,Disease_Risk
32.38115589147221,52.71848250772683,14.387372845961618,7.512293008546916,71.39649666243913,49.80969475828929,40.458419768793874,Water_Stress
25.760300742519192,70.69728063239145,72.88095447344811,6.6850072034998265,39.65359116561084,43.224733614312576,41.79527739198786,Disease_Risk
22.560245722234352,59.95650544711945,45.82393473988198,6.046113214461287,28.81639223886292,20.609977912136493,29.932621652086773,Nutrient_Deficiency
22.95655202525947,62.54575598118306,55.51115834432271,7.410545506095275,70.31953835818199,57.084166371977474,48.46544747854142,Healthy
23.385612340514317,73.85409197173765,61.24591631448182,7.277647938526037,75.57024009697679,55.780265525047994,41.40028192567965,Healthy
25.452386555381047,32.01700089186326,29.462884337671635,6.532656946214297,53.39990405910722,42.017339251723584,43.152844865643566,Water_Stress
21.904099143618776,61.93861628457647,55.77627956015944,6.6353679345298815,64.01074004110025,51.87227548379552,50.200936418799046,Healthy
20.271020463403126,72.85499296018672,48.39248718076411,6.692547666077267,51.50853900465883,41.373115925644186,36.34980852634445,Healthy
27.961223048880417,77.21405164001806,67.47311591316186,6.315114807509631,57.485892176687734,33.08380865015357,53.40348725614328,Healthy
27.21665680270657,48.87075723436091,25.493395137527237,7.482334249916528,45.17214979051161,45.421806851520365,25.94711540026298,Water_Stress
42.42584646165537,50.05317207896856,28.98031239918082,7.249928308698499,51.04259945028426,41.076564271461606,31.247874105885096,Heat_Stress
35.7036856858852,37.425361155113265,18.65399337469067,6.351299455590254,72.80936263972734,46.75071837726755,28.38533916299432,Water_Stress
27.58728521623577,81.52273466023948,75.21789826293704,6.63609880976021,66.05639380847592,27.9985665575569,40.878754288636124,Disease_Risk
33.673768949709874,93.4243072839289,57.70493042940469,6.931342458244253,62.854614647677955,20.632226313366942,49.00415478018584,Disease_Risk
26.427290341323815,81.77475649585803,61.95427005664913,7.280977687774078,35.797650878478635,47.83661349328612,33.64972617731856,Disease_Risk
29.372854877971818,54.848681578721276,23.30849574689691,7.217479612870876,50.49266976580948,49.47246499731473,36.050734295973086,Water_Stress
28.684924783421813,76.74473451414238,78.11334227351503,6.584870212901076,61.77915013049436,43.63075532421436,22.428771247071445,Disease_Risk
31.410611248740203,31.89801450830863,20.866906731568623,6.642204679545048,56.948095987687495,27.307640841854713,32.55099213366709,Water_Stress
35.18719856588055,50.70487865002644,43.28049703393816,6.277573116432042,65.23512469393731,44.7486825213946,41.16869564780214,Heat_Stress
27.210606787461494,79.36797250622949,60.010252280616925,6.527469278539724,67.33755555169564,36.38216417016018,49.70208908964456,Healthy
26.30376235488903,71.17623340324708,45.63457084862542,7.26181221396935,44.281754993476824,24.758163953136233,44.838460652409864,Disease_Risk
21.95187814098186,52.211281686841225,60.372874520736815,6.237271532790325,17.96792269891644,29.033242628682412,11.484008035333186,Nutrient_Deficiency
25.634828877450815,75.74651363923053,46.25517868592339,6.020447927170321,58.23851450298215,33.092895995681886,49.85605230074567,Disease_Risk
20.76604464676532,79.65082897465301,54.217842368439676,7.653729000629577,16.52867269816242,24.221875511435833,27.847475953618655,Nutrient_Deficiency
27.748421726499114,56.04350671744817,32.18885767586234,6.751000575290546,41.62966897596102,27.230441797769533,52.767544302427694,Water_Stress
39.61347163963963,37.673865473513246,38.39402837731677,5.909093333631053,58.093937759314834,29.26718856325275,49.89680513279919,Heat_Stress
24.144410109977194,72.59530761475428,49.86088091849273,7.044531375735757,64.83131507031311,37.319533187353166,49.681740333353524,Healthy
32.26770721166907,89.18930271494901,72.74559953295264,5.903863508903427,56.48372933205934,34.70751080769183,27.849958213218624,Disease_Risk
28.197287702285223,77.29782376963664,49.96998021091049,5.999166347735773,28.385726631070767,27.45484996816596,14.135572646440197,Nutrient_Deficiency
36.45070251789272,53.01825564095164,24.62450895554145,6.791896551143546,74.7754951153187,48.11103367429234,32.13842317327871,Heat_Stress
38.69068650858473,46.25301354936511,44.709288988322015,6.3316312689933305,41.422860329602,27.111643888307324,34.117136466041664,Heat_Stress
44.446034820072356,53.81760236311375,22.913577504729876,7.250343865618378,58.60813679908654,30.68381239320027,40.78576065381091,Heat_Stress
33.42496730116521,73.55898340941354,52.93010507345193,5.7506883622682246,35.2087300959556,22.35814886349553,40.72454409964912,Disease_Risk
37.46245840507113,27.149319410232547,43.30315696375051,6.4468232823124225,72.34483283132789,27.687839443802055,45.15242660349206,Heat_Stress
31.490919270801193,49.63823898363066,27.121165308647655,6.314653515269765,68.75571788923247,53.995248017510306,44.250833631961214,Water_Stress
37.32182534269336,45.62133655535083,30.77784003603654,7.176282569465432,56.681077701546485,40.06973762351384,43.14135278808254,Heat_Stress
37.413159159890654,41.901091479268786,29.33887290328306,5.85925131789033,49.56644600200791,54.777576353523926,39.7181036833238,Water_Stress
36.69105146124511,46.9052959214395,10.822544503836797,7.657532722509318,51.00696426293278,53.84407569628017,42.61108312253465,Water_Stress
27.754069063300598,38.056105149432675,30.7085904262202,6.4755103103415745,60.22767740913331,41.98426332751421,39.56013712025515,Water_Stress
22.261112406690433,78.44253061120828,62.546162265243,6.5084791112528135,15.710457120895637,24.543376562726426,12.624115528343651,Nutrient_Deficiency
26.08871667081965,64.785949246553,48.95945409513081,6.826258510504005,66.56754227161198,32.796276038445676,59.76771418185659,Healthy
31.261937895027604,86.036643861039,76.58788960508633,5.615619659092023,55.264302486195284,41.40108551064225,39.81084895338416,Disease_Risk
25.95625656041711,56.23081952814845,62.99373033955632,6.326509040491754,10.068449976434817,23.4326626493041,28.13760088539584,Nutrient_Deficiency
36.14947079907198,43.23857846629279,10.016898287802606,7.716063538607944,47.08113722390899,45.657756457345315,28.957392621520405,Water_Stress
33.796089195173096,41.39082556123147,34.50401343303405,7.436754920261125,73.41131021870115,49.13847501869711,33.713579559788066,Water_Stress
31.206830765731652,35.98367924002805,34.09785097227339,6.442335404238333,62.606427126159446,52.23810876206868,27.68382161534549,Water_Stress
28.532344569502705,93.45224026116523,66.36882960206698,5.575242423955679,37.200018679260836,34.99662904710691,48.50894192338463,Disease_Risk
37.31168620137817,36.42103608888544,49.298358196695624,5.999207423685075,51.04095892580729,51.00318236584359,40.9468193548964,Heat_Stress
22.175126726447626,61.39252337347663,45.7579674448129,5.572040573928054,27.11160333453682,26.770729530942234,29.468891604507384,Nutrient_Deficiency
41.16220994454503,54.70477546813995,33.266303157027544,6.091636950380555,41.57071428259806,49.545157603954436,30.990556408172672,Heat_Stress
28.40840860310687,31.194805858115693,11.511721489705142,7.378579997986183,57.73137114962245,43.85712088181728,40.031468965212255,Water_Stress
28.516271555795768,54.64417093394859,39.61110150708889,6.3065750747338,11.27138602988067,28.647637311423818,22.3121735219866,Nutrient_Deficiency
26.13895043280064,77.9439453041501,66.17772376466135,7.386804328203911,66.33787800871323,30.831946074416784,24.438378151349074,Disease_Risk
26.728283818737538,73.44681594702027,59.61400229130415,7.233625951840161,78.20875675338662,33.25038306597692,37.014657066347496,Healthy
28.475459861615043,55.74050534838773,34.63720755654485,7.15859863184662,43.332880733501995,53.88315984981376,48.57073144873892,Water_Stress
36.74940349486355,34.965752374780315,19.90853917330583,6.411018489688461,64.48044800336007,32.02431524453259,44.66455685150605,Water_Stress
34.19926975253238,71.01979271350795,57.478204068605976,6.918058284533836,49.40798057847014,34.78965650033002,45.375150528497386,Disease_Risk
38.442646264306404,27.678622137619623,20.24357757229151,7.772843296981213,54.14690956225459,28.826670911723042,33.82553988600013,Heat_Stress
31.217900327190854,93.77239921188018,56.37204139053556,6.963090434667782,59.37278238143872,48.722083374194824,37.074753074941086,Disease_Risk
34.34963475700046,71.64068978062897,76.21661246522713,6.41574823986454,33.20681613406017,46.93837579611208,28.651180630532615,Disease_Risk
42.26313278337292,54.48869413535643,37.87288479871357,6.835218717680658,74.76942033440886,34.05524961797196,34.01001885184521,Heat_Stress
22.55923928437045,76.69926198564762,58.720106136095886,7.090852177987397,65.83314517660173,33.335605809727156,38.64304734117692,Healthy
29.58327103401027,59.94451793319147,16.86388400187144,7.760054558388558,73.17665325110802,27.25123494964478,44.12537613649895,Water_Stress
30.601085586723514,51.039483311945176,53.57529646537687,6.114461948113114,17.37762907499291,18.2398441259233,21.01377330407961,Nutrient_Deficiency
37.786906677375775,50.32415687592557,19.990443655627057,7.305365555459211,73.800087219984,37.913666316705466,25.3164331835374,Water_Stress
32.059399069504416,37.599412956078524,28.83227297047162,6.182206861467821,52.49409616123772,48.425247009352745,50.973948312341726,Water_Stress
37.71248101351349,38.346951629439154,45.88419450941008,6.526329680500857,60.54219207341037,53.965780984674836,37.41967182621019,Heat_Stress
29.58172838205896,67.93308883033255,62.87536762623671,6.11399471676459,70.71843247798941,48.817271868031334,33.057039163379294,Healthy
21.66311110603914,69.71282250901437,50.34368247997954,6.601560438824179,51.75906199916537,41.369193569307484,59.559265313391776,Healthy
21.24712171008404,66.13262642072483,56.082285988026236,7.940559803347569,29.38016851157653,22.931223186366907,28.795022230166268,Nutrient_Deficiency
43.2701010165935,26.272477480272933,49.87509114572144,6.837405305175023,53.84639188225621,47.05510244650802,41.73102849440228,Heat_Stress
28.831037706017895,64.50510247182292,45.76386616537418,6.047047793147571,22.191053709341197,11.257223228269384,17.388703708949485,Nutrient_Deficiency
31.829933895829942,77.13116455493132,79.06221312386972,7.1786633537428255,57.71437075874542,39.990678979707646,24.604544005078385,Disease_Risk
22.43319870545928,57.490863018408724,53.557906975454245,5.8899889211903975,12.66723225263478,28.40376259065979,23.51624249753053,Nutrient_Deficiency
24.85661704890996,68.84088373395558,51.82917110911924,7.132414715502556,53.41452524330605,42.89740900193671,38.49739410241348,Healthy
33.049784983123445,75.88651137378493,52.36352719425846,7.280493455532599,66.63563204969341,38.940581079688144,46.38401742553288,Disease_Risk
21.56786395458099,77.61193956914309,38.388124381213025,6.528210659337936,11.14930813449175,15.232257344569797,16.284758897477417,Nutrient_Deficiency
28.02149944841028,85.47833625988557,57.794990039059186,5.850534806373307,52.351618321202295,22.01017742471953,41.280114078575856,Disease_Risk
26.37661436776156,75.31627368594332,58.03249532069955,6.940122655472672,58.23792340752615,32.32450061594207,38.571844525894576,Healthy
24.19126753414723,74.84538029530631,48.863072560245875,6.62232679115521,52.97064904131585,44.68041113368844,42.243476570931016,Healthy
31.56213558855075,90.66921523354583,72.98350337790627,5.897327439254506,46.5798569821118,25.456677614188383,46.291700387892135,Disease_Risk
27.048598673932702,71.5842295014884,57.082930362480674,6.472453810296209,51.06730396436447,23.68128302771535,41.29475866226207,Disease_Risk
37.1392813604372,47.971246589028546,47.784407677779726,6.308178254366048,73.6578121470967,38.42499366994748,36.912716850682116,Heat_Stress
33.29634477114094,32.54945802152963,29.223851198001014,7.115203289161531,52.425308680697135,44.409995439502126,26.328900805835488,Water_Stress
36.49580019167301,40.072048313416985,26.623915244608554,5.901039628291655,65.60525007477295,36.78648113557105,38.368487079331324,Heat_Stress
35.074639923492185,57.615628496916315,31.82044272280801,7.271674542537363,42.17984501050512,29.142474573556306,31.22025114913734,Water_Stress
31.245377839042,74.39963054736961,74.83823561279574,7.427573781050354,49.4336786217194,20.59726224586232,45.78752008747432,Disease_Risk
43.380144357926056,33.953246399263534,47.61154094808609,5.8980627254975975,54.59349233493754,30.347451752722684,45.16271485784215,Heat_Stress
31.84392781020281,54.456431721398474,16.683118416915896,6.593792844996143,53.05680542122887,37.180822296216576,41.95006547343907,Water_Stress
39.70735579008552,45.26487813527643,23.177807565838016,5.907599751444453,54.92630108235096,30.369489797505196,42.883640875952516,Heat_Stress
32.755699300733006,89.99387647415355,74.55859493964093,6.743684756863245,41.29828861078546,42.477629054976674,40.011693570663724,Disease_Risk
21.931297883277086,66.56523902395413,66.60882355075717,7.450333656072542,58.373749781656144,49.24445215822883,41.990351530801824,Healthy
28.79590245499719,82.42379278604764,74.65669329534288,7.07429921739282,63.61521954844424,36.07502070384028,28.62066677178929,Disease_Risk
26.49884437779523,70.89882961206433,50.511015551017415,6.883898525813863,74.2829137003348,30.19496279034183,54.17457755498424,Healthy
24.12621979818376,62.379634880787435,54.37794510680263,6.781381736368967,14.023858939109875,14.41575938714816,26.69496733736124,Nutrient_Deficiency
35.70267650396836,41.00585316316263,30.565273194906535,5.883221044540466,65.16430843955152,41.390598241658935,54.6932718363005,Water_Stress
24.708702824810164,75.08895103744547,59.435343290438624,7.14742140899665,55.84170614498386,27.69339904640352,38.036968090265205,Disease_Risk
28.962689908091146,54.612637316529366,48.77675705780125,6.32928843866822,12.188022448354964,11.085361417828821,25.884295739517807,Nutrient_Deficiency
27.379578738309284,50.803096251493365,22.77062173717902,6.636478212422517,44.825355448709516,36.511298885130614,30.57261097878297,Water_Stress
25.386062105932584,94.79809923857269,54.93747508138945,5.685639135713452,52.07143405444992,35.64007595346321,42.71138972841624,Disease_Risk
23.069470087103515,66.0420030258152,36.457608847452114,7.986700584142662,26.549247895947367,23.071352368015052,10.394835330282904,Nutrient_Deficiency
23.39920001610747,76.30298939579674,47.259401140616454,5.972552534294676,27.728720930152697,25.7884496461025,21.559742916008922,Nutrient_Deficiency
21.85824960980723,71.90070212900055,61.880313840102254,6.352805842501397,53.59659841841373,56.70861942388312,37.38646043365875,Healthy
27.18408275296326,63.09593650548128,52.417695637364105,7.453064047453738,67.37540872448768,46.265856041228226,52.43926681137192,Healthy
33.1531321338751,38.690149704048174,33.91625424886013,6.765889636350838,68.16408539755065,45.5497252358703,33.923016142892266,Water_Stress
34.62384188314315,85.04718600323636,62.0352872878164,6.736998748974986,68.95687568686748,30.8218634927263,40.21409428785926,Disease_Risk
28.351133927257074,67.35681916450065,68.67825425610307,7.476659690297366,63.850399353229676,38.453151981113265,41.45617302572131,Healthy
28.36359881524752,45.32028721575134,22.969944171233738,6.961036591048008,60.13323893946492,38.3733565451472,36.73402506032508,Water_Stress
26.981393949882268,66.80501033035983,48.88698749529454,7.4358196083101715,60.0978363533788,32.782375301404436,32.90149130500392,Healthy
28.297453393899765,30.48726693326843,29.71300040698788,6.489604986326782,65.65293575077246,43.84770887426969,48.14504122329578,Water_Stress
28.54249227674174,78.06536232387607,53.97749853521792,6.002222705813361,25.604189730134706,15.811589909585013,16.90587161797162,Nutrient_Deficiency
39.386612120542274,52.77026591792385,21.22096683085804,5.999935701356117,69.65783485864708,43.37324515941688,48.32984912941314,Heat_Stress
37.87302941131645,36.775717578822665,27.101040636759638,7.495734204063071,62.88075018457036,50.74657477063562,47.78757550530534,Water_Stress
22.03558238350274,70.98439278170663,68.1918190211112,6.657174142608567,70.94750087366516,33.642782500878596,59.19440447465083,Healthy
22.04126243781429,61.26373652239989,56.95955255813951,6.867615646530579,32.45310432799934,11.862093707613733,21.880610881041896,Nutrient_Deficiency
21.145328713788977,76.3860234862217,69.11801932585219,6.16214812448641,50.77035276492398,39.35871733184086,50.32041860551226,Healthy
23.78989304128264,60.57399995540179,66.27382090781148,6.272759785736538,56.36359550539217,53.9349707048429,40.21016529492851,Healthy
27.873555625798424,39.01502861272259,11.523940927669054,7.6970405100534425,70.7899861837359,52.347329968616336,43.7797941294499,Water_Stress
22.700823963874008,76.16398437613512,58.45432266120639,6.7252462558247945,63.06723479011683,51.93078642915367,38.05186614147676,Healthy
34.00153938521244,70.19755583759463,54.79232606669738,6.555583471214787,66.81802366580422,41.00885191647814,33.38567152110026,Disease_Risk
43.96460697850347,43.918511723468285,30.777833645009295,5.969724969345542,62.147694418798615,47.059725490837806,29.198288552991663,Heat_Stress
30.46788156959862,94.64411953771753,58.22081577004771,6.2806015807751026,52.90154579214026,44.24979705103307,23.001700496121636,Disease_Risk
34.55958729417078,39.541731577983015,16.79889679581136,5.9493748716049595,47.09494191977318,48.39810947406589,42.54124107412387,Water_Stress
29.318823799051152,48.605765636240676,30.101911548934563,6.45908343255852,51.715767831143495,49.46426410009009,50.78525401302505,Water_Stress
28.28713820436812,58.85421697884818,57.60781844135495,5.580765958105818,30.35065543886172,12.049600126759533,27.360707473088205,Nutrient_Deficiency
30.080006936427893,77.73171254227852,78.54692641289225,6.225710196840124,62.49001195587168,23.66161306237668,46.00858805396748,Disease_Risk
24.57308705192134,86.03981278533854,67.05547195314745,7.0820386356279075,35.44368892999762,32.01985549928441,38.84888819729109,Disease_Risk
25.52040631273227,76.5880932850599,60.46299380910615,7.292560350466166,67.32056435770286,51.137155086447706,31.374731509669868,Healthy
37.766495386680646,34.57449371504495,33.23346868257017,6.0353016774751875,45.22622529799015,33.20910657520452,25.45770152471171,Heat_Stress
24.6592990520655,51.05957014479273,56.24206878127613,6.930106085092103,14.747879010283768,24.53099753161807,14.447263879525378,Nutrient_Deficiency
22.11025195305393,73.20856274384073,48.92642733452193,6.260720322489652,52.251946067035036,30.08027167808657,43.51511113853107,Healthy
26.127591008028627,50.077675602298626,14.619530026183499,6.081223751268597,51.3260584529779,32.44141251001435,32.82355831196332,Water_Stress
35.77026343508223,52.84420762439571,26.90586384249865,6.778917451831275,60.209893525645654,33.06151456262458,37.426752680951125,Water_Stress
32.60607895524598,93.0024517703414,52.18904152934332,7.302349734306699,37.39127298313398,30.546009994132618,22.723379391183773,Disease_Risk
40.93085253040847,35.0651118300606,23.622364686554675,6.082473605238647,54.53040134818688,45.88887357039616,41.60223189704257,Heat_Stress
33.85372390121974,31.98345250863645,27.466897040137283,7.259916754863083,69.62638402992717,26.737178320693914,27.58638395174468,Water_Stress
43.1725072399957,49.847561421829944,23.658846685573124,7.336291341702379,48.71368261775319,48.13675999082004,38.2888282642876,Heat_Stress
30.648286651878248,43.60115526891428,25.220810110686088,6.418580127747052,65.9592728170144,47.21974540702534,28.583290207236622,Water_Stress
20.550669045120983,75.55996175223464,54.90065082472532,5.9262806908909385,18.93818510594361,18.754290335638693,22.436140666650143,Nutrient_Deficiency
20.370196113455762,70.04582300265932,59.75451073273918,7.304550470043323,76.22571122162925,43.20918629312031,45.77853260422684,Healthy
30.87460263571934,81.33071513316784,71.72047752264653,5.861201701773652,30.744132884694316,41.09994937097075,45.88129420277602,Disease_Risk
29.225643947538714,49.86680399143047,23.136928785000883,6.427505197475634,46.06138483500647,52.36372482772031,35.26981053045539,Water_Stress
30.937836524884865,71.13887206678363,54.42897156650002,7.387769263021375,23.66537841753103,22.06773954577283,25.522934902446643,Nutrient_Deficiency
26.846142509898748,76.8570384037962,64.39999778865612,6.343572107946157,50.96300731712113,39.46359144177246,38.032226279271086,Healthy
23.49585078138649,60.53340381605877,46.33142217927686,6.753010672039853,57.07334221590298,59.83576053714874,41.24738020253302,Healthy
42.007126268163006,36.16928883606448,45.62978261722459,6.3592590637613675,46.296123005444855,28.93417499496172,42.276781876238864,Heat_Stress
29.607875672145788,72.71170212202892,65.71768277506146,7.060962965559115,63.064614350230315,52.01385912040176,58.96421193714233,Healthy
37.50596350261846,38.37646156968879,46.89537178673626,6.097708550883313,62.41173442475771,52.986811705939985,44.93817509498085,Heat_Stress
28.84310648175674,52.05851515811177,37.70497572785452,6.211234467590948,30.744120061232497,28.30017947896308,16.961904964964848,Nutrient_Deficiency
38.24234941011685,54.2755980828602,37.279010313574545,6.07465880396351,69.27494823011929,48.793050098396506,47.92683647101816,Heat_Stress
34.930137934105865,40.97812057552689,20.014540525368915,6.940563287762059,46.812935566070166,41.59668779863455,27.205952492285256,Water_Stress
28.157160709164614,36.10010199180163,26.167646288698617,7.644452209022445,69.64966850718642,27.77391989580591,46.73754136921606,Water_Stress
26.026051078721082,48.07359896490682,30.558531988497165,6.890948794689274,51.242399987510794,27.402067332249857,44.827576643744095,Water_Stress
41.37503543588056,25.338918039340893,26.035614167902708,6.363253406501077,67.6568425996174,34.23317647731691,40.20068881288027,Heat_Stress
29.797925262980485,58.50762236596148,18.182232004023255,5.804946170283969,67.09473516531926,46.98172079618461,46.92795812461159,Water_Stress
23.63665944137716,58.410399595539246,49.74857640077951,7.240457111687437,12.45543475681853,27.378000501983973,12.687710419368809,Nutrient_Deficiency
37.23175271410995,56.84777750463373,31.14834265389664,6.3012106179639975,62.22699819857111,41.52524246449419,28.75510885380708,Water_Stress
28.195300229028323,79.9714624239437,51.2303780272812,7.430098619623147,64.62062042919315,22.675649230296617,45.57037499730797,Disease_Risk
31.48703350381479,79.85424506916819,65.66184742391255,7.402439700157492,63.47908834324429,24.613264060513934,22.43189710234847,Disease_Risk
42.99175222334478,31.6171757272877,44.13360592781927,6.652422927876459,68.40323604089289,54.46578258378693,45.35193511888578,Heat_Stress
29.615135452720665,63.442957569961216,60.697676725340514,6.6176702997844945,12.967671301340822,19.947466961330022,23.067460062767434,Nutrient_Deficiency
27.926363884173547,70.42267251162146,56.63849592777832,7.138501426156104,34.9367274894574,15.188525454239779,18.371313721626834,Nutrient_Deficiency
29.46861506718405,50.47655778279618,11.210231528793074,5.9991494838324115,67.43614166441989,38.787452880207006,28.727115376911954,Water_Stress
22.19682028415114,70.39137107869784,45.068973896153565,5.723249555048598,18.88208490299581,24.88419858685616,16.141705426644172,Nutrient_Deficiency
34.63930828738759,84.95580164893828,71.1884644131724,5.591023743232503,40.14627531306207,38.58973630836703,29.075220669252545,Disease_Risk
24.54455089729111,66.38071903035363,38.04285678911365,6.698723125992901,31.60126801171442,23.019391262269547,23.74320808434229,Nutrient_Deficiency
23.648321789700844,67.40361934233765,50.23767576928719,6.40046673307367,78.09963763137482,49.4410615573978,48.27393017000965,Healthy
20.95085839275631,68.53528012521916,61.627696576507724,6.561451535153306,54.57916774306171,57.689551072031534,32.01399924409943,Healthy
24.691910785147883,73.92453838500397,51.37173405922468,7.900335662701086,13.601888436462078,23.54578091010125,28.283378327692358,Nutrient_Deficiency
30.83332641606985,71.4291709739108,50.063044109468144,7.751137653678979,30.011258418017142,23.550697711520606,22.405462286986058,Nutrient_Deficiency
28.276996980529113,62.503266955386316,46.407612887828435,6.868205961822314,21.85990845819343,13.062541962488726,23.90384058441818,Nutrient_Deficiency
29.443901511146922,56.697116419419274,52.6685046734931,5.938379074975552,17.67058073244895,23.769968791979146,12.54696729447071,Nutrient_Deficiency
43.96001630357244,45.86960900968231,27.60007216659977,6.733911154575315,72.76637209691104,44.16341523530567,52.68086172534094,Heat_Stress
26.32503547143986,71.2170562150996,67.52754103320383,6.146341693373724,32.22140095943212,22.121722671499,48.55700565925796,Disease_Risk
35.040449022011614,47.65769869620442,22.511644540493364,6.489934775199036,40.859692855901926,28.136480740181852,37.47926285577138,Water_Stress
21.413943247773812,50.215821573517445,54.63638362409593,7.21941684194444,17.897542865731765,17.245395795491817,13.095571611236272,Nutrient_Deficiency
25.048073642902075,71.46880784111332,56.650188919806936,5.96968287931282,66.32906149455954,49.90218310200597,48.17965820523907,Disease_Risk
23.401455516867685,52.57245508207234,48.4761008485837,7.9819395592699465,31.68255997480236,13.411335679793925,26.607271494085616,Nutrient_Deficiency
20.912345846404268,77.94188719506988,49.29666362267869,6.383844815540428,32.357906321755166,15.38151564937598,28.942362181269562,Nutrient_Deficiency
29.88426081110243,79.4339959284589,35.26411088885112,7.172346169985967,21.14168115711731,28.08992916975384,22.274021941215885,Nutrient_Deficiency
28.364688904693523,71.2036980059861,39.82214027399652,7.911425628436294,10.1322658368143,11.821771684774081,12.906568716715075,Nutrient_Deficiency
43.252525047036826,26.467563998290892,24.44768504539071,7.10655375643104,41.28523681378442,50.61487861702563,45.009896288385846,Heat_Stress
23.977928908811247,57.127378817489216,57.37249459517408,7.802087457265413,32.42578405373557,10.404657771865438,26.34771850610555,Nutrient_Deficiency
22.3131613619787,74.98789799229654,60.10930032826085,6.123725653310698,21.411216678202017,28.360621386822324,24.09267890440073,Nutrient_Deficiency
28.93671987941539,46.00434089305142,22.56432861853157,6.1372718034954135,72.95624457540086,29.625828006386897,44.76198620151263,Water_Stress
35.6174716065137,43.172097101499986,34.84894210796543,7.351263299761547,48.29311193783384,49.321081505182306,42.63771690930432,Water_Stress
41.767172887378955,28.981514693465925,41.73711896759701,6.71873682122809,64.9787086640921,40.670346196555194,25.12329607702374,Heat_Stress
28.984446129179783,48.078648831917995,20.652901822076135,7.179529616890973,52.304144432019726,26.270654885503887,51.101115251691766,Water_Stress
27.72480884951224,77.00586478177593,60.0102903704211,6.181582597600973,79.51533054544014,53.47906039083059,40.41611295925347,Healthy
22.37931606090463,66.47542923924046,49.35615503515443,6.078598526791764,72.25154170862449,45.782565797936016,52.36995825101987,Healthy
29.851609004928555,48.535057076304085,26.668868238833493,7.033038722168675,56.912145376763874,39.63563152009213,25.198370709764767,Water_Stress
37.691951328891456,46.455878266338246,41.81321211342605,6.2656209959119105,45.2739292794121,39.80738659587236,35.257385616058784,Heat_Stress
36.19977109777826,50.69322472915481,23.897217596163994,7.1127892578223015,71.49640252945352,41.982064128637326,54.01496526258482,Heat_Stress
26.26382103924963,71.06288159779956,36.373343295651026,5.9103884192634775,13.511229683056222,24.337122252957656,24.431181909026318,Nutrient_Deficiency
32.76062078067891,48.33925263417005,24.67511786413045,6.495849274873509,69.59312309343457,43.52088038009275,49.41214762782802,Water_Stress
22.3969926337563,57.889817468411955,50.69438322777742,6.004182974955474,27.585918756156456,15.907024020012258,10.788114152571373,Nutrient_Deficiency
40.504710828134854,33.784981400702186,24.036373672341533,7.189238876989602,49.60464899631067,40.81158200213862,40.73938627761126,Heat_Stress
27.474808649383714,63.51280140888613,48.303994943669586,6.809111638476631,79.14468743634019,45.92557121108355,57.40460923445091,Healthy
43.68818537478204,30.366002940198058,41.361424636388676,6.639163382471534,50.833140690294364,48.05891267082828,38.387747024472176,Heat_Stress
34.779308108009246,51.38134199848079,19.95740050987805,5.953874982882692,45.685758775014705,32.2141658291286,50.03951680275256,Water_Stress
41.85493300346429,48.986060004574014,46.64088408554706,6.507191080841616,73.93646523524576,33.41380085961651,25.93519494067559,Heat_Stress
38.11576685203055,48.9838705580821,49.938903384967986,6.727368934406858,67.69986499928534,34.90745941107491,50.30638897804236,Heat_Stress
26.39426798457884,60.50021510445334,51.87573295922798,6.334816107223234,72.09413642492038,50.30098462268734,56.765387031145366,Healthy
35.374717259435705,51.39325598035157,12.050950241828714,6.108441927731037,64.90870041725158,44.01702645889153,47.18965866929784,Water_Stress
39.101513657113564,27.382147521052485,38.00306312886768,6.289426342877267,59.15695633541012,43.592981166087554,41.72645944806666,Heat_Stress
23.97021118019268,53.846454397878546,54.664189420908585,5.750112643188557,25.487894428858326,28.002371816858435,16.35571874467451,Nutrient_Deficiency
31.785316997929442,79.1615756411353,65.6283199897364,6.379331658386077,68.30990943530932,25.425456129329387,30.64467034816022,Disease_Risk
26.482847755310736,58.484869828381925,62.340077798858545,7.555272660599916,19.373951054049478,26.056334750165878,18.911137951434362,Nutrient_Deficiency
24.602605715692324,67.66012064504216,40.01060561804928,7.559609574186026,17.45505633735347,15.816555836189732,24.556638228936258,Nutrient_Deficiency
21.568582850527736,74.71020245565067,46.167192314479934,7.075743871509561,26.117125392712545,21.646476028281263,15.176413046930517,Nutrient_Deficiency
23.95766696859333,66.20549123671722,53.487832028711594,6.499602933739698,55.043981241370595,45.31449853626445,33.420799195156576,Healthy
26.197103685374152,64.81659583712626,67.82072540058887,6.214676580192765,63.83449740064992,37.61932018240627,37.65980124477462,Healthy
34.45379550753265,33.11847058054679,23.245362226500312,6.276335189041731,57.221010689746414,26.79685226959569,54.90877810322645,Water_Stress
31.303078561616502,61.86786687061563,38.03096510542059,6.254412884313672,13.411291721437252,13.150077720336917,28.97387064052647,Nutrient_Deficiency
30.636029984946745,52.29387135671646,37.2619987038013,5.546575737178088,22.679457782139348,10.623884620166182,21.637809809878586,Nutrient_Deficiency
25.625180577070367,73.76181635007886,68.98573228563035,6.100551349582106,47.41555136747964,29.559595404606895,44.90643141667644,Disease_Risk
29.766070228830568,70.49273738217215,52.07496758187388,6.150789162136186,55.823527342732206,36.82449490447664,35.3832463105621,Healthy
33.64630024057165,85.32328926577962,71.65473716285148,6.027515881016443,42.52041263454418,46.78015429488953,29.466287583903053,Disease_Risk
21.72558911436365,64.95487447196568,55.943956857730825,6.659132687643936,65.68244105796637,34.76238623944624,41.18555946303981,Healthy
26.182241377871943,45.31126062098504,30.21730207943093,6.706864600359564,57.96367451205745,38.70395427135628,26.732103427975744,Water_Stress
31.42622424859547,78.39918656213794,62.596898290522404,7.029807801058703,43.5815769930563,38.44483620662709,30.90002916069949,Disease_Risk
27.534751250593857,77.06895901138209,68.83575846175266,6.628531923944733,72.42547006934151,46.38396929201517,48.097577668237236,Healthy
27.4762610395996,38.05384763564943,26.841798015864462,7.005844089978152,70.57671604713389,30.64489881798266,47.8508925261163,Water_Stress
26.208911631303042,73.55528917246718,63.02320941676773,6.988772310475131,75.15011350887549,48.847443110606946,57.10211112218904,Healthy
32.047779119567615,49.254283895471,11.468301289518253,5.867647514329381,69.63440841139528,53.355643336026944,45.04646630179458,Water_Stress
27.228664009411652,77.63114649254238,64.02595056847807,6.05223812609253,24.13875615300801,28.733755871085084,12.812867362971367,Nutrient_Deficiency
35.61442870062787,41.7880538921838,12.847195590299954,6.927701017257572,60.72794619876349,41.36887256352466,45.45137899390263,Water_Stress
28.48033188463681,69.09434737141035,61.569218451549446,6.962556700849826,67.91437878558635,30.640723642091118,53.6038377136385,Healthy
28.74597147123199,78.46364312663863,63.460944795497085,6.479003568194004,34.85707826369077,29.30367880575102,10.647654858541749,Nutrient_Deficiency
25.359138528982633,70.97934326885161,39.853853531244084,6.0361453538452,20.01402266064307,16.76875692618694,21.01152429193636,Nutrient_Deficiency
21.151697074497594,79.25786585737755,48.51892537514706,7.449750314194128,75.80421790696465,51.726501362265545,59.3982672834571,Healthy
31.690633095239725,63.29331839994286,59.77469995339251,6.173549952521909,20.41931819263457,22.911096228552886,13.758713817852229,Nutrient_Deficiency
20.849570399771792,61.05217652851044,48.93524742767883,6.926757272889046,70.21906131839339,38.16308530638657,49.858160784247836,Healthy
25.50325312449848,61.01176659049762,69.98206171031816,7.254041377619927,79.06988771854253,57.79100949024382,55.460872032429165,Healthy
41.54343281568414,36.734612910697294,43.19453045918594,7.298181823518827,65.70097095158803,42.66172873314409,30.847770538915466,Heat_Stress
25.274597884614828,79.32536306411895,65.422280989531,7.2018888362273215,54.15195603810294,37.50009634767021,49.23537108613341,Healthy
30.45180095671638,39.654060434161835,20.406414962532885,7.240575842856394,49.494028530343584,27.33661209900736,36.18424500213584,Water_Stress
30.152091623383882,81.58629585514223,45.939400514160724,5.5048933499161,40.50708094244283,48.68079788399231,45.027292140549605,Disease_Risk
28.617643620225884,60.84604523125583,45.468538414641145,7.381743651753618,75.863300408362,47.272774822104935,47.20199042657529,Healthy
43.55411056419032,41.30503478812901,20.17251646697162,7.565405841074389,48.32574239068168,42.66586981552928,39.27135969409461,Heat_Stress
20.971919986218214,77.74518617057005,48.39160121765841,6.680465635333339,70.11458656550514,52.29420364569515,58.37922257338296,Healthy
25.09952062322972,78.11845463160101,53.73438163680951,7.091068658510856,74.56845804574556,54.45111017250042,37.08806546840173,Healthy
22.278982756515468,65.78775927204214,46.99479942309069,6.349186329541546,53.03004288229187,38.339208093302766,49.070533327932004,Healthy
44.55883446378959,27.08822904488277,23.26233901504621,7.428133439964136,66.99701826047377,36.36733040081149,39.82885442189629,Heat_Stress
27.156439023386028,60.13505453623799,61.63922131511125,7.988681024569821,18.568320981438998,28.02767552289049,17.18501772733265,Nutrient_Deficiency
23.268458048813084,75.22459415788055,54.47815538910341,7.128014735332178,74.95772855465817,37.568145953471415,32.45718698284928,Healthy
29.741533147591266,90.72453956686329,78.23860751188587,7.363111250478926,40.07232233776185,46.53694586982923,27.14230565722763,Disease_Risk
33.75049869154972,85.09089957117813,72.63414377577445,6.7759984277600065,54.46112361716571,25.09806452202531,49.10407525735101,Disease_Risk
33.50538047956502,44.117605601045874,23.417268732223175,7.494344730786936,55.082471927163915,51.47367192755779,46.825241900781755,Water_Stress
22.435688971640236,62.51847770616086,59.11444939769908,6.102915229236534,72.95472127665754,36.21472111039975,36.478540557560244,Healthy
35.42814533453493,28.545613261687343,44.213111174222064,7.134632836626762,56.04296276646213,45.34233470340074,51.22766178918512,Heat_Stress
29.148506523241046,43.994177011219094,16.68679186135456,6.2958377650510915,43.38840783962,33.706360149097044,36.52449500504818,Water_Stress
35.99177584667109,39.587633162999104,18.685632368464113,5.929878156632142,58.97599764289468,51.73995047061667,50.54086152259377,Water_Stress
27.45093982915508,72.05580128558505,50.5237853805432,6.532731782102047,68.78658347356539,44.91864144411248,42.894881098738225,Disease_Risk
31.641740585400804,51.51052143579632,41.68119569506397,7.10829328705813,20.081924836543074,14.699999999825744,19.181891894964703,Nutrient_Deficiency
26.463406088905227,66.17865767905272,56.02057975407029,6.8693607080526045,71.97079303817715,32.70400127238657,38.85331354887466,Healthy
29.717561995232646,77.39311062159115,59.07009863110184,6.861741314840174,52.14441712902378,29.12969068919518,42.280925060889544,Disease_Risk
38.374066030809146,45.70834986713861,25.39749957172643,6.8952251108076865,63.548065090899655,49.95068499474644,25.358842330705098,Heat_Stress
25.950412281515746,78.76004399131521,52.739547185399026,6.56501895908445,73.74985873590632,54.39554351444403,50.10349199984168,Healthy
20.922984677127335,68.47151545127453,51.91700559930629,6.005318533631673,73.13357669058881,49.11340131904139,37.858657873030445,Healthy
40.16126683094799,43.919456592781614,21.47886347543828,6.382358724468259,53.931396200909575,34.136624434667155,49.82863022817252,Heat_Stress
25.42593594357195,68.26495141598643,49.689563534863176,6.542669038727513,72.6932946216672,48.76226226435027,52.79971608183051,Healthy
31.559451980785866,58.295235460913666,53.19090223976757,5.986312982714903,33.242846020303006,21.498134434916295,15.222150113438781,Nutrient_Deficiency
23.009498745655655,70.95874426271396,45.01014849243219,6.430370575303391,62.896644499695036,47.399543435870456,49.64116871109215,Healthy
29.752965099363372,50.65400548215838,36.9341610814073,7.756240204833204,21.08578309589972,12.57583097994009,28.10155940760306,Nutrient_Deficiency
25.080498791787193,79.64839809010746,48.06179736597522,7.993173066946939,25.680655305809946,26.682162373520086,15.15772719975553,Nutrient_Deficiency
39.108378136647076,41.3849878109289,31.009100757568003,7.756466898886338,59.88523521955598,46.14647627664624,28.39493108844804,Heat_Stress
31.16058661307971,73.11874513490812,55.42863894280221,6.973717391568622,48.12588642209181,49.48851687522918,44.161626863276524,Disease_Risk
22.142368073704386,62.646236974500496,68.38785601451677,6.856564639987926,64.18013078935383,53.5385827287226,54.2249099329993,Healthy
30.517937412105326,55.43407573412002,37.928091914381284,5.819860349240133,16.466296264005198,26.166877382849403,25.25836436638605,Nutrient_Deficiency
28.410584376596027,52.17768334396931,62.84143250499001,5.765338854674932,29.67229744156425,16.027014196897422,11.730104428755855,Nutrient_Deficiency
27.453580371483607,78.76690448221801,55.47654082305584,6.3023425262677035,32.89831075746689,28.89975340863675,17.71751869568088,Nutrient_Deficiency
43.60368817413392,34.75603949969437,34.28464221966121,7.749963090880189,58.92044564872991,33.17243282836942,38.345347971122315,Heat_Stress
42.424678547079445,42.81417404178367,35.75691595108669,7.551565943719633,67.54219518116057,40.61947273671246,38.54828777690986,Heat_Stress
34.392328703265406,92.10853576108637,52.857049671752094,7.396218434318454,66.92449407533704,39.4132006791241,38.79882072553946,Disease_Risk
27.267892026713742,34.80407133646078,23.996223812246576,7.716925243467899,48.114944159399364,37.15142308840758,30.533553254541808,Water_Stress
22.654663625229688,62.16805094429422,55.86409396411611,7.092817590979056,59.410319425849735,48.186265599184296,45.342691790084345,Healthy
21.28353806623423,68.32555298416051,40.6263020159481,7.825540647882863,19.822412247879335,19.14092016585978,25.62840807297509,Nutrient_Deficiency
21.384863027403505,60.56713407388632,49.41109767171881,6.926595485632748,26.67893095130541,18.349558662510436,24.95737446753174,Nutrient_Deficiency
28.54257450395427,91.02908665923815,70.10851062672444,7.253522454478535,62.809652418016064,44.732025972085445,40.954465626396996,Disease_Risk
39.9172178640531,52.85758894696886,38.30905654861803,6.156884340129542,57.22200530614753,29.316178010545407,48.06121969921594,Heat_Stress
26.46440789326201,34.87482787619216,21.47286177580903,6.314529760459038,46.51696741948237,47.09853686476771,48.72302993275767,Water_Stress
32.45467029919013,70.84051386000544,63.589260420212184,6.458538678433247,61.920700578884336,44.63873962268215,33.57324104650729,Disease_Risk
44.31479819386006,27.793788634653087,28.9788344478954,6.537138850950148,53.2628773056661,27.03000033462986,37.81971518173284,Heat_Stress
38.82207121854408,53.818170803337146,38.37345180050316,7.051049200989653,47.95997921084364,32.21082424511728,29.582474625065547,Heat_Stress
31.091528857024798,77.28791992907611,47.20323280074657,7.2435874015389246,39.29312254039869,48.423461359654475,39.340160936685805,Disease_Risk
28.043050145203303,55.997072517941504,57.50555056010161,5.902338485858075,17.165388703977747,15.011220149163659,26.787636289303425,Nutrient_Deficiency
20.44958804597256,58.26242426104261,39.31558011880021,7.021638160214067,27.3415313291773,10.775650649635901,27.79148427828515,Nutrient_Deficiency
20.194767423858323,78.58197232529234,66.9680469455796,7.247498294041769,59.22542376207984,31.737754994825625,56.34028797612122,Healthy
36.79907231656191,43.282172731918465,41.25761202510179,7.75851531913214,40.05533210290409,25.71960392554528,43.7638222716896,Heat_Stress
27.56373608195524,59.03349364270377,54.84993728272166,7.156207414722242,16.749428738429728,22.112686738480082,12.743270459596179,Nutrient_Deficiency
27.2100645729344,73.83848210781353,59.61359540391492,5.954710379675249,26.491218751446326,15.290413970905794,24.48373596155512,Nutrient_Deficiency
23.378276881343183,57.12644854841737,36.4890632911553,6.929424519644353,30.996362621141277,13.071798690334685,17.21657842454546,Nutrient_Deficiency
34.042762394744635,54.51327080739895,34.7038727366068,6.64462786755012,44.62613028823963,27.124849162015362,36.49209777027318,Water_Stress
28.517131600193316,76.61462037781206,47.16657245139186,7.322446776004158,57.31590317572868,43.941253998096954,48.30995112691562,Healthy
20.055448181380317,75.01928953236946,64.25115471435063,6.159880944845308,62.754385818282024,35.27660045119595,58.73898126838619,Healthy
42.01328140023003,48.74398733095639,23.774823729956793,6.265349261712127,74.35864988373417,48.656854773606206,47.70092569604167,Heat_Stress
30.807723707454283,51.11298375467618,11.952568053686004,6.928337444546949,42.16153166448393,41.42947746132795,40.164611682777874,Water_Stress
29.145748052799497,47.93753022831787,26.813297535922842,6.441330230785966,50.56175523004711,29.29781302489986,44.80637271432229,Water_Stress
30.95984033683633,49.92431462495527,18.95556823352468,5.926661372120349,58.70485625356477,31.534898050456178,37.88929302055708,Water_Stress
25.771651837311435,40.52446436858493,17.02712546975495,6.877537092095276,51.32787655491386,46.12161285265566,33.67999730394831,Water_Stress
28.9875336138192,70.66551612847863,43.55208129304286,6.466414176852462,14.072685139965511,21.445161220406014,29.2983521840451,Nutrient_Deficiency
37.907135781551425,41.47438856554116,31.74050713276771,7.613534623049145,53.147593683069566,45.48191062304624,44.853776143764044,Water_Stress
23.994005051403974,64.38641518314567,69.93844016237776,6.7642894405146965,52.72728236521382,31.41349126274204,33.289473910519774,Healthy
22.82893578614418,68.17538794494641,53.45917867103549,6.8968287935744845,73.67680794690995,49.41916070907921,31.977355628391525,Healthy
34.499923962931625,33.0728151134852,17.833786936022655,7.561977989960541,44.799525316024095,48.20381450951872,47.59473402973204,Water_Stress
30.634819756832172,80.1110899797684,61.95865007415047,6.057781266381951,60.71998222310386,23.24110004056768,27.520695810617816,Disease_Risk
36.66910465039653,28.090279421706583,21.91377198773481,7.557381952899482,59.19518103364028,25.790947400987232,36.910375622805084,Heat_Stress
32.95532871406677,32.58646444955798,17.732267938211553,7.799190087868774,65.16043809617518,40.770869644909006,48.074936511240935,Water_Stress
29.93026134382488,76.90906858542596,58.2461126920341,7.123079337766335,23.051105741538855,17.4075490049756,10.86876566672963,Nutrient_Deficiency
30.501432031175167,85.28738232986646,68.75337709991305,7.13337847393206,49.5160598253923,41.428709863283785,35.84926426835797,Disease_Risk
38.37512870561569,29.745293676979944,49.95300716159844,6.6860243399965755,52.33134263446163,34.454649884271916,54.74388971854381,Heat_Stress
22.331914584155903,55.4407395432095,58.98980160816594,7.63062781941869,31.284693060636855,28.64739730806297,29.88626100850867,Nutrient_Deficiency
31.11034145357419,63.06132303658292,36.92241369107932,6.05442561154878,12.000993417395067,10.755106765701578,17.68652020852044,Nutrient_Deficiency
41.81442320057853,34.363280967522094,29.691895654487183,7.058328508261399,41.47650704581559,53.122627708967016,40.62778758752529,Heat_Stress
26.24521779441895,77.28493749662832,60.6804351724943,6.2264361020896155,52.048587754872685,43.26624191508854,39.08461305417039,Healthy
40.9513219129484,40.14188038336104,26.662568844542427,6.379566058313374,53.80128413573231,28.96567136112634,27.47635337915748,Heat_Stress
37.09009541124202,41.14016373720958,26.114040586298156,6.846531762933062,49.05303011989595,39.49078991034075,46.89770750529367,Heat_Stress
27.194178954709873,65.47440894658484,41.95012918454185,5.923707229532756,10.90152832860872,14.785132505747544,10.005745437092468,Nutrient_Deficiency
28.17576562363662,75.35685001206603,52.96439743984661,5.725690957328817,69.38451001473673,23.70846207422801,23.30948483639827,Disease_Risk
29.50350807061228,55.187220206885215,31.929965356289376,7.701980524286887,40.05117141874522,44.71911550527993,50.47017963336765,Water_Stress
22.151328800335108,68.39664987529007,53.52239954423332,6.555079638715506,71.6478790322802,53.305068599002226,47.02780669843192,Healthy
37.326667220195915,33.29686564001091,10.473434187665314,6.42738496689171,45.30009403417709,45.715007827555766,37.31132227968115,Water_Stress
37.53312740335089,44.15560036126071,25.961708954071995,7.575039152087085,70.228018301236,31.533647471653087,28.387853779487124,Heat_Stress
27.779772146823237,91.49180779988487,64.13170118345666,7.405160989820434,31.263940927598345,32.91219216885991,47.44817475657182,Disease_Risk
39.2354060236564,35.44923570539573,29.622150885580087,6.987754298082141,40.84723906173441,34.14456542639179,54.62955750891187,Heat_Stress
31.867724512170394,59.33090843530007,34.67206332107972,7.6678488033484316,44.61940082564457,50.824420118102424,42.05141166318883,Water_Stress
29.342459375941694,51.75773690834355,64.74593970291713,6.823580729913579,29.171054211256823,29.992114936226923,29.47959723467004,Nutrient_Deficiency
20.193832870500106,70.78838095845067,69.99769571273023,6.524940515580276,69.50432279749626,53.436991488326846,49.55263965731668,Healthy
25.08240891592894,77.58652510292953,66.60067336071471,6.414371104233061,73.70018546009341,42.44827270654035,58.027451810475604,Healthy
25.908084532450545,79.56083987973345,61.90999319579885,7.6719220890613835,22.27013379016367,29.68789365355109,28.320136593451146,Nutrient_Deficiency
33.58479300074329,74.6797933450096,51.47805867893784,6.994058638545665,54.162114935910004,46.14847384543913,23.189919762417432,Disease_Risk
31.04622431291952,38.46920611862707,31.1211626065332,6.454601843452238,59.35819883634237,25.239075206723665,31.020134603588673,Water_Stress
20.402316731446163,75.12537660825114,56.76252058129084,6.97726423415053,77.48218363780302,35.44467441669378,47.55988875833563,Healthy
25.077376758096563,76.41098946371156,52.07097458207067,6.447833774657651,67.60813167242483,59.96706999688016,44.689210399671026,Healthy
25.88523704152975,52.70772130552709,41.978700742497175,6.047022354228943,23.161212853712772,10.013669927676617,28.35792371841293,Nutrient_Deficiency
24.526378724631748,62.85523443202203,51.69795861785999,5.82516632528843,24.599651442098278,15.100322962648441,16.611255774845382,Nutrient_Deficiency
30.285334249259627,69.42139675284446,55.33085738272912,6.172708948172392,20.237679912388554,10.401047149990488,25.606073285212865,Nutrient_Deficiency
20.731748827194114,58.39327962316914,39.117080513961945,5.998644516666467,32.11631290562413,20.516281165055595,22.61508777649511,Nutrient_Deficiency
28.68461197262944,69.81757389047557,66.81799337496336,6.861096329439499,64.0819083479153,43.21406394408031,35.530910111702454,Healthy
32.60334137773686,77.19904932127204,62.29588552096913,5.7603986625568355,64.25350910622058,38.00248359491674,49.856223499198755,Disease_Risk
21.19554741255053,70.717279307675,64.05474023710258,6.277724763656493,56.49153919635817,44.52595761638126,51.737550032791546,Healthy
31.278037984132048,44.28487593627491,20.954148456825678,7.193526531047332,51.16183159761952,34.00792249545821,49.30557810756095,Water_Stress
34.38007124338592,72.11945536328547,56.018160015775116,7.463889848774263,36.572987268588626,21.844049854561597,42.775771551674694,Disease_Risk
29.569679653123316,78.7964086645973,66.07405797036816,7.1268560968000845,59.51142082416068,33.597852594079846,20.820526800001137,Disease_Risk
27.55570577620261,87.3255889485692,69.03983572444035,6.926671898119084,58.33812666633455,42.083123161762046,27.68676781797162,Disease_Risk
44.59147920746669,29.48644171796449,44.170050846727705,6.153214553319225,57.485923913914775,54.866853108988046,50.48169746189981,Heat_Stress
26.19805060645806,50.29169575143275,59.965311347696854,6.120644023405194,12.325235754052294,23.473958335636276,26.421493789850604,Nutrient_Deficiency
36.44848338278067,30.027266064416015,44.23151431871206,6.474776619997866,62.0945692914043,42.1491272162138,50.46702315816426,Heat_Stress
20.53609074292533,62.9839516894731,59.070989927114105,6.455753267763342,79.8175436813066,33.55354686634385,52.933303359785825,Healthy
24.588518525873987,65.29760332996105,51.165687692349586,6.8420522012447265,57.882248255688054,47.53757970670621,56.93468650807431,Healthy
37.669212272187266,32.547072525494684,12.389425133434639,6.067027700501914,68.69870121629756,27.244914529896324,42.03462184867625,Water_Stress
20.526219930926022,76.94844826717559,40.77537163801031,6.784736750318584,33.70529549121045,13.3478961842699,29.12552412946798,Nutrient_Deficiency
25.455902892055224,76.69190039772033,59.56273916224485,6.222140678351224,53.82336557846416,39.24775049790401,56.969444662277695,Healthy
27.412309083479308,71.03360842252782,55.692172974516986,6.01450454941251,52.257315802213014,56.49319179900429,57.117857146796794,Healthy
34.29807308689254,53.67230289660189,11.849128389557212,7.781401228873936,56.773214492041916,37.02415291988121,40.19837929088527,Water_Stress
23.01419362018437,64.22467958440625,48.430870131433174,6.383279256032189,59.84367067813523,30.23189719707936,52.410423702893034,Healthy
24.05960770122108,65.69309525674022,56.01740552892663,5.738105346129236,26.542831571149076,14.971539897014152,16.914989749150074,Nutrient_Deficiency
33.409022336509665,74.71962464168179,47.43632049349257,7.182116550243443,49.0270718750602,40.37393324839503,25.378918501612358,Disease_Risk
27.9610889398454,68.41480925827257,57.92732637906581,6.853684886507561,11.056578168274944,19.64584162402101,22.413349496635334,Nutrient_Deficiency
38.5530723054514,30.573731010728743,38.137197719684984,6.955877001556113,69.63813603357947,32.10249901834056,40.051864147763794,Heat_Stress
26.476347234024807,78.16822890425212,65.66577899125149,6.107114755283721,54.97768367662174,39.22835437842698,52.4687316620887,Healthy
27.66923225485855,76.59960545653465,48.398898022933814,6.16303110140719,16.23852157838197,11.355895601284676,15.133158830854295,Nutrient_Deficiency
20.76731001173455,77.28500067850479,66.38233428640225,6.9225125826233604,65.21203452001865,43.881349767818165,46.62949114014911,Healthy
25.497886173471382,76.20398760118272,58.596519164833154,7.057644821472021,23.064050261245228,18.391876684504574,18.288847975379575,Nutrient_Deficiency
26.763277841398324,66.89326672592055,40.647009947157684,7.970015526011608,32.040658997444005,19.844534477908105,16.18106144302439,Nutrient_Deficiency
26.660047743871818,84.25588392994125,48.46869896117991,6.656267356324852,30.559372463476283,26.509942274349548,25.746425605773283,Disease_Risk
29.470011603378055,85.70927574157771,49.71129332512858,5.699206780460452,32.11409682938828,22.04686019527947,40.343223220128316,Disease_Risk
44.78244267244546,40.03754383531472,44.35678580299236,7.051584727431526,70.75370459669061,51.71206258236285,49.44575913035011,Heat_Stress
22.74673667486159,61.12344240426156,57.68342213224445,6.4656117759094665,63.55741591102047,31.70670152501857,54.95089894989364,Healthy
34.25148217110134,32.79079915074264,33.03186007430266,7.594574943862918,58.19157264722129,46.02540729096039,36.17475922222242,Water_Stress
25.345045167990772,90.1671811404471,56.525006883827565,6.668652441162413,45.59802675421285,42.451226877560984,27.078142375238258,Disease_Risk
36.489536295909545,42.38037136934376,47.74447435260567,5.873755334846075,44.95566652798142,44.61494580337323,39.136589074249315,Heat_Stress
27.27412267367102,84.68020970450615,60.92493520310073,6.840519732981144,54.95241576666655,27.952231692075962,49.00158880310772,Disease_Risk
43.00105059164093,50.87762984740205,29.26995188486548,7.210272775570202,58.33319192256551,29.05757481531746,54.87057400696026,Heat_Stress
27.17051840450095,33.80791822443375,29.528099498424687,6.337528972818491,71.02451659092296,48.142908714688744,25.880687535184105,Water_Stress
28.81091070824127,92.68019277631205,61.71639778102758,5.7972130773095225,35.11158993372736,47.08710855999782,45.24613862827126,Disease_Risk
43.65679636829978,32.05723511391479,41.06665646810022,6.588536647337888,51.13445583665429,36.48368844524756,36.44695135247485,Heat_Stress
33.70784154361035,45.93124469198398,25.948614335215943,5.904982213678926,54.46554781168905,46.52074168750731,28.016347143320438,Water_Stress
20.202691619649695,70.19896196983139,51.04503110183006,7.103556866204099,25.458733972765053,25.11921193390355,21.712160266267784,Nutrient_Deficiency
37.50246225383962,33.48208013876924,33.516903953654825,6.083350353663096,50.91616203641395,38.65997905677631,31.206019786249435,Water_Stress
26.40961798579808,62.23104347191753,55.86913126672762,6.68058555949381,78.6144778256324,56.27558821134582,37.90167152253272,Healthy
37.66492989455989,34.08373414734794,18.01662888437719,7.694557844032232,47.02980210457251,34.42549843586324,53.93723869284382,Water_Stress
39.81532908691002,45.714917945875925,24.262624397170274,7.262586366033673,74.42526843456382,54.51005132881899,48.36609451757826,Heat_Stress
26.805399336498756,53.71119182423247,10.657100670206642,6.9080428745191895,52.91189079254272,49.10985178865759,41.54940801779283,Water_Stress
27.918177972653584,77.91753531113605,56.24334259127266,7.214723876546957,69.55512363945829,39.64580288641285,44.26887083829209,Healthy
28.85669701085695,82.64741541787814,70.63931629409824,5.69858847788417,55.883718837421206,30.03822575937825,24.13317392535138,Disease_Risk
21.21004195868266,64.49394674063115,53.45213905368638,6.88246307768585,56.90344197789731,36.60652153354678,32.12979258027097,Healthy
36.94399325378773,59.77458676934023,31.676189760844462,6.05377633722762,70.3127578246905,32.490317258144195,46.34184546517507,Water_Stress
40.71440590510629,26.47933294210264,31.975738986408256,5.970157974936471,57.56380904620281,48.2147540966877,28.911255246855223,Heat_Stress
25.12659643885969,73.8638728677077,52.73897256035413,5.876833569930594,65.88226931055046,38.40285078204859,44.94248545598131,Disease_Risk
34.161563007476545,36.17353438101966,28.80813738401229,7.417459577262521,42.18973130142075,28.05256146181427,51.15937990029656,Water_Stress
27.363736709346725,64.48210359465435,35.929796121565246,7.856105645254909,14.124929869047852,27.795065408080873,13.142075546615681,Nutrient_Deficiency
22.109241930742705,68.19882998212583,60.25378986014782,7.646784138426998,13.500041717904997,20.772360741560448,15.264693011871666,Nutrient_Deficiency
28.528609025223183,78.56981196548054,67.61179292603472,6.152612827511852,53.734290202216904,40.905907421596254,45.25723611156688,Disease_Risk
31.595260055537224,59.649944567894025,23.853798810454887,6.580907465120128,56.45472773554701,44.070123744058904,54.43118267654681,Water_Stress
44.51644041732608,26.681150332056784,43.26958732137571,5.942769389498114,56.45513718095519,30.765768787793583,50.246178638207795,Heat_Stress
20.513767171835777,78.82127193536206,56.943229681642194,7.233173467949145,62.02122326755819,32.222465107669194,48.88337120855995,Healthy
20.513701290063764,56.203222241525026,62.23178277718882,6.403128411399072,21.741855725255224,19.092868995897767,10.928749150023563,Nutrient_Deficiency
25.840794142042252,73.91045972995936,66.41830080759836,7.148391864177104,61.41143086783135,30.176882507519792,40.552764080154745,Healthy
39.69197955244026,25.2495133178912,47.66265187232159,7.693915023736249,56.697347465801,25.273977987289996,37.913059398077,Heat_Stress
27.824499732308194,55.91190728010169,11.411100875611524,6.807791697881869,50.12422079738716,49.47358770289951,46.94552449348055,Water_Stress
27.05719886089021,70.56371615893944,63.84443029560744,6.390916163877597,56.86231105256787,22.62130811270464,35.353625653927836,Disease_Risk
25.131271489348563,58.836483468986444,54.86060678029603,7.000538820034421,14.991870019023658,10.514713854633715,13.41664383384446,Nutrient_Deficiency
24.537154175754715,72.10853583070626,47.47946154197605,7.052669127819099,75.58378211886725,49.527499946439164,53.068881903142156,Healthy
27.542332040595262,78.99223465431977,49.98401705906332,6.030570025980499,54.57147037354371,33.786629246226184,50.08376533859732,Healthy
41.589842866775,34.37442400063878,37.32679503228377,6.4242857968635985,71.22474545497148,34.626411095385734,30.776369188703754,Heat_Stress
23.43311424858647,66.0690044343775,45.31607535732393,6.527225093248051,19.57608682192632,19.711695845726613,22.179243039048703,Nutrient_Deficiency
20.771650843008764,76.88856777371767,47.528519091697355,7.156312080544652,75.05359479903669,56.510464964776844,31.13242477072684,Healthy
31.98772994001161,49.92283318018991,15.460290566433148,6.294930858617155,66.41588424037029,51.194051754632,27.456109194198245,Water_Stress
34.92057787680217,44.94796626179726,22.86812098078711,6.797519416795308,50.79891687190502,25.695288946490532,53.35698412207712,Water_Stress
30.022785983158894,70.0706579150492,39.474334780002984,5.7252066839398115,22.792633674116473,24.47127233796958,12.025809571859147,Nutrient_Deficiency
27.052278810250026,76.22817805129753,54.65196881227456,6.995533244226802,74.62242655128665,59.424544159793555,44.8598594884927,Healthy
33.53567230424725,73.09135585084637,48.275225737174445,7.236346219243354,37.226198564456,25.048850048319245,35.2621329179194,Disease_Risk
31.754009122460516,77.47730725091297,57.87123968785378,6.183989699890278,34.08983844199382,29.40983299824201,19.056914121627337,Nutrient_Deficiency
26.251838524061917,94.53129055629105,53.3521446875273,5.727115357652878,49.139738600665346,48.174437974157286,37.403581560655994,Disease_Risk
29.089679420560067,78.83716175904843,48.765452880023716,6.65180110366128,24.670662928749486,10.547013950641478,12.325366028818452,Nutrient_Deficiency
20.09397431454871,76.09266153950293,67.53023558997208,7.016416328548619,54.739268662153606,43.251893508114435,40.36696873329245,Healthy
21.886523737071055,73.94996855241143,59.29494104962253,6.35034366908684,73.26633425297777,31.309418972919058,52.34115454695588,Healthy
22.121891198761528,69.03496907458013,35.14140504271982,6.183819655503749,29.02983203037498,13.372115131658154,25.28967472291516,Nutrient_Deficiency
37.46783840861586,37.146003047275855,21.254788251503545,7.2706635597993206,53.31309590642923,34.386924742344924,43.345146240101556,Heat_Stress
24.649881902470142,68.84319598609615,50.34253502472751,6.709779278863989,77.03542477484763,53.88074280380341,35.09074188594164,Healthy
33.00729218455817,93.08524381693069,61.783138045574326,6.1231469316937135,44.502742629949445,44.51116109831733,46.69179156145045,Disease_Risk
28.651558983311745,73.60694771759474,51.1303989402488,7.439846951880266,47.579016509168014,27.629177614204572,37.684428331835285,Disease_Risk
26.73090100542076,59.788204657391546,13.571326670872345,6.861016553093362,40.29661596835533,44.500606394734206,38.202982623395556,Water_Stress
34.00599167549561,31.863729954016083,12.955621195099315,6.413612684007239,54.18958145389391,40.07561413715169,51.85355109448763,Water_Stress
28.107717199403968,77.62832409326649,45.61965904745472,7.104846707632623,59.965564038392856,57.92447658144977,54.06705416811417,Healthy
30.945178034554836,52.27554755789361,29.14798887359227,6.899452369076102,43.96238483522081,28.426199540769062,48.253390835919866,Water_Stress
22.727912995913567,78.10612417956483,48.68371639979011,6.6562088402924715,78.39239789035281,36.66114020720942,43.533839706621265,Healthy
27.129890444399013,89.61973157060876,70.01990638708175,6.844867604076438,58.574039154549155,35.58999942336507,27.42899993923908,Disease_Risk
28.897819340512736,77.60205845669874,49.61839881867071,7.07869652370356,36.86948501743904,27.800223729040162,34.52729337779484,Disease_Risk
41.70870265433936,41.004547866853834,49.21045666697263,7.31148587114257,56.29933770651091,28.953858411218857,49.38553053193178,Heat_Stress
37.8582931111534,46.29901450670925,22.34781050854548,7.677121003481744,69.78709085022989,39.0406230701887,30.784341948214294,Water_Stress
30.92965382877913,77.4252181069576,37.01035859145837,6.470247882536877,19.933874858925897,16.52253610739472,15.524016398144987,Nutrient_Deficiency
37.84013541047991,48.67565483522266,38.53894329174193,5.906170497312558,62.916525513538545,25.25002525745283,36.65935441710938,Heat_Stress
33.76242837754973,54.185030968422865,32.74433414996915,6.014032857388986,43.3709861587993,29.466924572207517,30.757961709748397,Water_Stress
27.430477863217213,39.77954734796455,21.438760555154637,6.324706790904722,70.19227916100576,40.831450588833476,44.173257569984514,Water_Stress
32.69012690279192,74.77286131793512,55.53212543532431,6.426851110878075,48.95956350024915,20.654504846735033,24.98316479528293,Disease_Risk
24.7624596542325,75.56034078628406,57.83094894022979,6.163581015005768,65.11516069357464,58.36246928910319,31.300951106975152,Healthy
21.455697956993983,70.6233263629752,59.148201547898424,7.18877921082143,55.099509472042925,32.36905051979984,56.125187959345645,Healthy
43.179766593860826,39.46199024942599,37.01731656535806,7.670084375017902,52.5621414309024,45.4550720683101,37.018443954406976,Heat_Stress
29.8114968719826,70.72431464957444,68.4809285081179,6.173012627777141,79.11201833066684,35.35703448517391,58.87602947284667,Healthy
29.558200934481867,51.32261878481398,25.81926577317846,6.1319632353805185,44.873223807437164,31.198589685603203,31.20828162255298,Water_Stress
33.97529258563178,94.35318929374681,51.939317093509516,6.902522308406693,36.75023825460165,32.03104733333082,32.867101043550534,Disease_Risk
29.515215253810595,60.65432573710094,54.263248968360884,6.665074629091053,78.5166550955428,55.66350579917864,32.98063873818391,Healthy
27.00289543691097,78.32902952000231,37.13647212212228,7.7235651536759695,22.51193436231761,27.3499550939646,17.633384396111744,Nutrient_Deficiency
27.020337167185176,34.93124942099305,21.651377810916543,6.613025103818427,58.757359218150825,53.939041667506864,31.22908676831061,Water_Stress
42.64538294076615,52.29863210317855,44.22724821282727,7.169280580757039,49.96368991357085,47.287806763934555,49.26425947297112,Heat_Stress
36.76769846607367,59.34519192041662,24.299010768738487,6.139165846784651,53.32562082210601,29.165201768782502,34.033937961252064,Water_Stress
29.46949445297994,61.71306904135758,57.149761582915346,6.103818777702576,72.81806495771694,52.975032879209635,33.85174393499288,Healthy
27.582534548123892,89.47438197399171,56.41462786475101,5.696128267602896,59.50991464036568,46.096589088430065,31.26597163633223,Disease_Risk
36.93092718909417,46.592171042349236,37.788362854380566,6.778465100955479,42.204742079569925,41.216561416553176,34.23192638896796,Heat_Stress
25.276715940083967,92.37697937251997,70.24910781956264,6.685413324531343,43.038892572839934,25.962541866396386,40.30557637625324,Disease_Risk
24.739984258663032,50.88446879000875,55.49638750255048,5.932018029576973,15.367902649250667,13.743022274223232,15.597091085614476,Nutrient_Deficiency
26.69701046381373,67.24886882788374,41.8293690482497,6.146619897477939,19.700815091119267,22.60434529251576,18.66050069278542,Nutrient_Deficiency
40.23459804354508,44.18584746132436,29.289839843419898,6.494336600328261,58.88838427476209,49.14123298739359,38.255809167296036,Heat_Stress
26.1167776572595,79.74466127263008,61.349407942768316,6.011734660728237,74.51312405346386,38.98136256599933,49.901661448982324,Healthy
24.941170250173887,75.08891650493972,63.99692874019371,6.673357885492594,77.72462775156978,46.93475350208398,49.058949571817806,Healthy
33.75948310214922,59.39694093537486,24.59255354621966,7.393509627860294,65.38634743931493,45.64130953608315,25.799414648914997,Water_Stress
31.461391211145887,83.32138663147599,55.22925235941442,6.741902535679129,61.99615468779399,48.36095966992298,44.26387629913191,Disease_Risk
36.34870763725955,41.778885319406214,34.635832994129984,7.104496877958337,46.86347551376273,43.47990512782606,47.070032624359676,Heat_Stress
39.86701336934616,38.102053472766656,49.706529260227626,5.969326888579432,62.47850148534742,37.47566398832636,38.68085963135566,Heat_Stress
29.65253142365786,89.16106094196996,51.41366240951514,5.689017304759659,60.10514025900838,36.311370057450276,46.17329403375322,Disease_Risk
27.208399166575994,64.30046132654994,56.28887289913204,6.342740361546877,60.167948565055255,43.60496708722342,42.47968950784486,Healthy
30.553607569829065,44.86862362479063,34.30725588359215,7.683172819663824,63.49698836610028,48.57413787941554,34.562033719489364,Water_Stress
40.48563400379189,32.11417457522636,34.14036094215366,7.026168086276895,52.80734528926744,39.963100498305906,31.31597446331969,Heat_Stress
24.11205529472398,63.604104354202754,52.71787972796922,6.0745344679469495,19.63654706854619,12.17140227803031,14.046970981763502,Nutrient_Deficiency
39.35353708022916,48.61980311770756,36.335806405723055,6.272308638290844,63.19142899242179,27.33683207765975,52.92589777229178,Heat_Stress
21.52839268549635,75.25021600150302,58.48447575299065,7.1679397179458375,65.91061016585533,30.017156883838304,39.72468171014019,Healthy
25.875717051264214,72.77877404720024,55.60772346152244,6.375147336611552,75.35911775427796,35.97650997326677,41.54079746902036,Healthy
28.205670888511037,48.75101063306684,24.845159950976964,6.19109644976052,43.74403286533157,34.13973987253771,53.46470387183696,Water_Stress
28.73919444098382,51.42423862495186,18.659087852390414,6.684752223729671,48.97553914157187,39.3723778904945,31.062040216017895,Water_Stress
37.2188670348244,50.67161276524618,20.651041143727987,7.443879844894228,64.14017143682995,33.27871410230817,41.60989459855962,Heat_Stress
31.59322689791117,79.87493094143285,55.59298305263541,5.750178979860454,30.555036720872547,23.357375074021864,20.47655739546547,Disease_Risk
28.09043719639301,63.31078331488117,55.94183512845867,6.6162879172448,70.29088766565599,37.12590604340775,43.32596129415827,Healthy
21.485954183827893,70.77161155407748,53.62809854232519,6.827876125606217,66.30290188876019,43.66033850599503,39.653320506871125,Healthy
42.64996372133596,27.4975360417206,27.873567927949615,6.110548724000323,62.91914364401724,51.56413951289196,34.281119606499956,Heat_Stress
40.170069749205005,46.61680988573892,43.559988100816355,6.400068364306897,59.674845822509894,42.03503557615935,36.95205705589983,Heat_Stress
21.508610766956384,61.23747400202201,47.58754693175979,7.34869025093366,60.30313327514803,51.42946647502388,45.13647004502872,Healthy
34.93640496643625,42.371766672467785,31.06361792063371,6.262866784154891,64.7509347296211,25.274243850719852,40.17198759079196,Water_Stress
39.64936327315491,27.34703805819678,46.69746434913664,5.976892701465358,56.5358050322026,47.250583320201244,53.81233140872057,Heat_Stress
41.958294973451714,43.36161234785271,23.279067033089788,7.259457039525358,62.01425096774944,54.615677912757484,39.50988949628341,Heat_Stress
44.83618768865174,43.79532542845752,45.272173248075575,6.94196328231229,53.63481958626406,42.85575601089998,50.937810715066774,Heat_Stress
44.757769090686,29.354571846775357,47.9908983926872,7.634224241346835,51.11236737946787,41.72020894280706,53.45804692494285,Heat_Stress
26.836043551044845,78.5081053497057,57.43343418037956,5.5933527167155574,65.10854588658285,28.024737066697558,24.53535121382955,Disease_Risk
30.09667162900294,58.57783940676091,60.419032742616466,7.52076194831674,23.06824965523006,10.505442825089442,12.906534232655911,Nutrient_Deficiency
33.33454600886102,80.97771152288405,59.55124435516205,7.038066327670031,39.81264258468549,44.27435647107586,30.23960209341905,Disease_Risk
28.84134701451009,68.12754779664233,60.51653775376782,6.231830007498307,77.89643047081023,55.93817088659892,59.28618098792889,Healthy
24.993369216962495,93.57905355092333,70.34820586067632,5.781120303810256,34.47729455559652,42.0344122127254,47.98806342198907,Disease_Risk
25.615864139920724,66.5929196283241,48.055782133863985,6.530397119450652,69.96021560008747,52.50852750754434,56.042764466071944,Healthy
26.046070599221594,79.54423831579521,64.38534242786837,5.584465828877676,63.049932212231425,45.037556048901735,29.117431378536033,Disease_Risk
28.32025913071707,78.39539503482769,47.203247032447116,7.266726539722045,57.29949424468201,47.66613864908736,45.71887629001895,Healthy
25.005861130502982,63.573037610602626,67.81569598362051,7.30577785475515,58.95334374345899,49.16848484598016,48.26910634314517,Healthy
28.765935940913334,53.85145346154734,46.62216737661998,7.001365054513528,32.06739658896695,20.08220238706329,17.693252774874082,Nutrient_Deficiency
22.224337175456643,76.33173211193858,56.507580866973555,6.457786301007901,73.86036497458585,36.82786462223311,30.709933041043545,Healthy
28.642050022933162,77.89625375592256,47.222869913091586,7.285754392270748,46.68549832378048,34.20013914635943,34.843664010471855,Disease_Risk
34.94021572473662,89.0918853413408,50.2942661154912,7.20606732253511,56.29677910704976,43.94660549759632,21.59666564812957,Disease_Risk
28.068484556615804,79.44006488704602,54.50259163420934,7.895816132012991,22.59733597608124,23.886239474546528,16.447627948277102,Nutrient_Deficiency
28.75594261359261,90.15882989795875,55.85354575239643,6.869923883728886,35.25146673889287,39.96560888650525,44.96158622967977,Disease_Risk
28.80891943173825,67.69078504397726,40.069542256704416,6.416478628499621,26.26350950303062,10.747268553851905,27.530882751989523,Nutrient_Deficiency
25.43649158480565,47.933546901946585,27.582156671623217,5.897352642487498,65.91893774679515,37.06796052432719,32.03017835462685,Water_Stress
38.2392383938307,25.183937873058785,40.57507365940874,6.482723170460005,65.35388249838542,43.47980028989453,25.87352145434382,Heat_Stress
34.985956582544354,82.29120933862319,48.68101595992551,6.376116700808144,56.34193053141793,22.550177302781755,24.301026849779067,Disease_Risk
36.413481971455354,53.40788786514925,25.994848234166575,6.163926273104274,73.81926148769374,37.97854859445925,52.32136812840662,Water_Stress
29.841652113659663,61.96835742303918,55.06553205255672,6.508953908092445,75.85017609058373,37.459690017608565,35.70626725322435,Healthy
32.92093795575646,85.34669458611977,60.193707287863035,6.352034197642617,31.617523584765628,30.25234542189653,33.90574626843036,Disease_Risk
25.580695473855805,56.78726840848001,43.05685979818849,5.6540984241502485,28.805878552882177,23.34936918269137,11.714146236798342,Nutrient_Deficiency
25.7923475226278,89.48731362864305,54.97275611498117,7.0051171325807635,56.162571952979164,23.6180595230788,34.72535292828837,Disease_Risk
33.449963591428485,34.76932388717458,33.318139068148106,6.348038916190564,62.91057875465779,32.51167835647327,36.155313029402976,Water_Stress
34.36822598968455,48.15416723585567,31.063250102834726,6.927236068862591,68.88326935643212,25.85120463696633,26.36385409874026,Water_Stress
29.332593779937092,77.61728347372879,66.98175606211356,6.554290633108326,54.732404970716956,55.012348639194215,51.10619775262113,Healthy
34.67572400026346,91.47530075662124,52.32303181170748,6.797246443408045,55.98959304147369,33.073654214014795,38.78177453388035,Disease_Risk
25.70939870319829,56.937376810709694,33.86678778367882,6.789775439886533,43.9460281911333,39.987476238179724,42.817893044131694,Water_Stress
29.45708524169119,59.939514109123294,42.816777062171106,6.235127804125857,31.280347205285256,19.410731353413603,27.327867393850795,Nutrient_Deficiency
25.67664463912392,87.5649526427064,78.73534047586202,6.442978397304233,64.3918578176249,37.556788081518484,26.040152600742445,Disease_Risk
28.504067026278868,92.86026240760998,59.5079904878233,6.611627689929604,58.40988027093301,42.657312433765554,24.10781119747256,Disease_Risk
41.26452849661529,28.526619352074395,23.94713095436257,6.205703410558892,61.78961147955695,32.59332925354118,38.7592797348561,Heat_Stress
34.78758756767752,84.34318957233573,50.14792161423836,6.630463029869553,66.27523151704433,33.263166026477016,40.67440944440267,Disease_Risk
28.74116945052237,71.09081490848862,47.56474329371024,7.2688384151001575,75.53498144254337,38.55189042177985,52.89350490875073,Healthy
25.31290129879044,76.93042585496795,79.80165339240347,5.633449652774503,59.82262294344887,37.4319731027974,36.967237689212375,Disease_Risk
30.574135033446044,89.08973864654293,56.97157953699865,6.919789765845005,31.150381488937203,44.43722325234046,26.670735432665303,Disease_Risk
23.655175497243782,65.25013220958394,41.20553746549695,7.178685926947891,33.75887824983414,17.26684955139622,11.085504266111357,Nutrient_Deficiency
33.33477887103509,88.42695783426264,65.85438427021913,6.6086090504978054,41.63098127753055,34.624895393776974,34.583028818671934,Disease_Risk
34.52289622907654,72.73412301480141,54.65799576730177,6.894164221703321,49.85314939930977,46.249794186112915,35.6206291806932,Disease_Risk
23.679837040095133,60.330689126445606,56.16483823913256,7.339456076511526,31.374973070589924,23.185656982524062,24.956283901597754,Nutrient_Deficiency
30.263735079198767,90.84596332008641,46.78227630767786,5.515748561958425,55.21639521349356,41.392784438681886,49.384608138133416,Disease_Risk
28.69862706536438,71.32642189522753,55.01960859998789,6.212811981226903,68.9951603796654,30.919712951427176,52.3833528601712,Healthy
24.923224951721373,85.03999350554852,75.35101229120313,7.3011497699482515,46.28027406238712,30.90302735678972,39.72291809746311,Disease_Risk
20.656822333201138,65.50031999115906,60.82691810752539,6.822534651072541,59.75556329956004,59.8388326758277,45.91670512293973,Healthy
28.578444664392908,90.18529508118345,72.039694798443,6.884716661675162,38.2464087435865,39.19477111196885,35.69260592395494,Disease_Risk
28.449562762151686,74.93239385652815,55.553599431737005,5.573940344712637,43.37971698939607,41.75296047006857,42.2015666693171,Disease_Risk
42.88928424532641,43.13288538090386,32.77112512810122,6.159594754195129,57.82952200505409,41.561500911430585,38.50137301937819,Heat_Stress
29.12929878484168,69.22895788357567,47.93665372723894,7.248214760653352,64.95126514121586,51.49809977975373,45.26616045208535,Healthy
25.7203670502311,33.72483361917037,13.825386670255016,6.1293141597802485,51.29312629040945,46.27996397587738,35.38069247025619,Water_Stress
36.06771432843401,30.54239489723702,42.873424511988965,7.023963195338048,49.340191455156784,42.01129278816924,31.92734046199039,Heat_Stress
29.61911102192837,76.71917227812362,59.37997773049826,7.4261794167095285,79.98717250632353,50.16844752909718,38.08533077901161,Healthy
29.50211029999846,78.81986301106215,54.47540796934442,5.935506677388827,34.218572408329194,23.87120796585086,28.576904179708507,Nutrient_Deficiency
27.039310101094514,77.51672442443356,58.23099496459676,7.616202218947837,31.51673666478877,29.21117500551516,17.471815601667466,Nutrient_Deficiency
38.692228935739074,41.46655409810681,21.593819335291528,7.2067082488541345,68.72636492739892,35.77733891674093,50.83743518938331,Heat_Stress
21.88933713020469,79.9045143148162,58.39018636929252,6.38281915839132,19.878577926280155,21.72160330419397,20.354854019785897,Nutrient_Deficiency
42.7710595028391,36.48397007329548,29.97964210717944,5.920117295656183,73.4461994726064,32.939945573641985,38.217244983330026,Heat_Stress
43.68752351644969,49.604018692899885,20.411998780802943,7.187590450112235,43.894729731076445,38.501847119150376,25.68244345453606,Heat_Stress
24.56928074474242,74.44887655141285,55.24946549365911,6.982171989641601,54.63083656314647,44.08471802954196,59.07610891722652,Healthy
27.194299991448453,74.83900155678953,61.76571261082499,6.546332207671896,52.099214333789305,49.927130547338166,39.90600108127789,Healthy
24.016172545125606,73.72194992124466,57.256721353605634,7.364551243672844,52.20472147299351,32.42371432232376,48.248922709003196,Healthy
22.99823153865861,63.86129746628717,59.11690260331551,5.849482598182806,10.298923079235324,26.60744663789272,29.651344749672432,Nutrient_Deficiency
28.580608905289658,71.92088656987202,71.88886994446722,6.853817032192725,65.49470792074733,20.778865058186927,40.439370344877496,Disease_Risk
28.814753425275406,31.314188269773695,14.986745842879708,5.883811883860764,72.6679842982639,40.46150767763496,54.6736810688837,Water_Stress
40.56323085506769,52.77767350635197,24.641443586562676,5.875472600167539,52.44795136499218,29.1522458042923,36.01248679078192,Heat_Stress
28.905699602747923,72.31202828257652,46.926177265385476,6.782625305580344,53.33725766135271,26.66431571124867,48.06995230177681,Disease_Risk
37.89208443220765,26.059787205245602,47.68593548185449,7.298850558758837,65.44400999304469,41.911188198725085,26.842532894603917,Heat_Stress
21.71138648198097,74.58253595900699,49.08506234404821,6.569183162636472,79.68570051909785,49.19999279562279,46.70849231323939,Healthy
32.34248822916019,71.08293706633543,70.91459096845969,7.349722691437016,37.0355043286221,43.564760542452014,34.55184188073211,Disease_Risk
20.725431144931573,69.16571045237173,69.96136102136106,7.494144671782641,52.19782163298899,36.39462936801121,37.95601244251204,Healthy
21.907669311668005,59.333692798667265,50.20385825709666,5.83912455254265,31.282383524679805,27.58665182719712,10.578963186403714,Nutrient_Deficiency
37.48763029054013,43.75975160617456,25.366936748867513,7.2983887159547445,54.531461008740905,28.165425456974674,44.15872899664126,Heat_Stress
34.16484737662256,39.51122235055344,18.720079355032667,7.667400749541601,67.83918746008167,33.20372610266269,28.656223171981452,Water_Stress
32.17136629184634,30.355529043836775,23.235441171041266,6.349481474395664,74.21177718813792,25.514277928072815,49.394716627417296,Water_Stress
41.6016475902112,27.71599014497066,44.511007697638135,7.5745230731482485,71.61396016496866,44.08398460071669,25.00553021365651,Heat_Stress
20.468438763417538,73.51604704516305,50.09987624415378,5.793791016436926,22.056023377812025,12.606576815543287,22.06949301649421,Nutrient_Deficiency
37.92922613002388,31.93646180557476,20.216539550173025,6.547287753054067,54.41075541731471,41.81663075918846,36.8425623886055,Heat_Stress
41.22944962677551,40.42181985878392,26.197321387200514,6.500636275848234,51.146971914819055,29.246704863744483,46.13061088413063,Heat_Stress
27.753821769254706,72.4337512307145,57.08000596402655,6.214732161342049,44.05077041877783,39.837200174680845,27.428417928804922,Disease_Risk
37.03851607265376,56.302295037537704,10.231679212002495,6.935923737328991,43.75552417707383,54.4898166511302,33.53684957050139,Water_Stress
41.7319284014735,39.62481232913085,42.095784942864654,7.579264898276441,53.3374849444496,33.59570729667367,43.951365714504064,Heat_Stress
37.1518572538526,47.374287781122014,20.439451838879343,6.104822820368287,51.5452850092251,36.395193242234626,50.000881458609555,Water_Stress
22.632939032527098,75.39515271395399,58.92172062138226,6.3870115864129,30.98055630764773,26.904418047325617,13.5220073515998,Nutrient_Deficiency
27.832269959803796,77.33961815519677,58.0362803678271,6.687063783146523,78.92078549366086,31.824762224835176,44.3694573299509,Healthy
42.665080896761914,44.43377715418946,25.298549135284603,5.878662365190878,53.44572863076399,30.730094827459084,45.87646835821227,Heat_Stress
39.85302133162513,38.125000124951775,28.84143789322691,7.194075549991309,46.6421542676878,30.598801868473114,35.42994037054797,Heat_Stress
28.305233015844976,82.36727826130485,78.98047654496818,6.733879352755663,44.110550810834994,49.333488334217115,29.614483504315608,Disease_Risk
21.611669988594667,71.98918387254244,61.336574885238846,6.657120940189026,18.96854005283992,16.109435928906706,21.033436523203942,Nutrient_Deficiency
28.219928644234468,77.86397994549466,58.17177970327038,6.419312477647977,31.314391844531645,36.69999651448675,45.81082108155991,Disease_Risk
23.070705233007978,56.934808594752376,64.65997792272813,6.240055446776096,21.606933930903708,11.99617830115235,13.494036178907818,Nutrient_Deficiency
21.299921314434368,65.01308393456247,49.362428022534836,6.991586463895976,50.77340449358595,30.445809816921265,53.699539927042615,Healthy
28.696954267695446,66.57119106864461,48.688854498536095,7.350796553447637,50.08506654440049,55.75218379140529,34.34063940961524,Healthy
39.814955231203605,43.816014631230665,46.76174980369754,6.8739350899447285,51.72883790870348,48.51967099625617,37.41859196002557,Heat_Stress
27.112639695359682,86.92971627961158,59.64158468926657,6.317048203832858,35.83771408461723,28.70578884544853,27.85398391682333,Disease_Risk
42.8877870634788,51.472116706839444,33.59849203098716,5.860528264423686,56.63670267128234,35.543224620517805,38.83725051114699,Heat_Stress
40.8215570635987,31.989824456627034,44.33222710347975,5.983810242570745,53.99293869672174,52.53645410033403,47.027978616327395,Heat_Stress
26.07471813522407,30.925821169290145,29.026415463635605,6.3841798191174135,49.61985213957369,41.12825854614458,30.04626932309721,Water_Stress
23.58549334302784,54.4978788906247,57.9642316491087,7.749217611863737,30.135745565838246,26.047274889056233,22.00066602291143,Nutrient_Deficiency
37.59342788270704,38.743444547401594,27.37394419180275,6.782014625784204,60.15577485687362,32.27272890341719,36.28165906972441,Water_Stress
28.289589728944645,74.77549344258966,62.135361006939405,6.789590009601261,69.38074462200464,42.70219098966311,40.85484289040354,Healthy
24.436785516617057,73.88002325586469,67.58560155126216,6.068986453015819,73.88430395486635,38.80103327895627,41.245232693259446,Healthy
29.19795286183019,86.34532430505631,76.24402839741943,6.334313544323628,49.6754601320008,40.63529557990711,27.34250784556029,Disease_Risk
38.60962021055121,41.81050104442794,47.95533727333304,6.315429650904838,40.6942366764816,28.637124676501113,51.0210575192241,Heat_Stress
26.856802654812853,70.8893172296429,69.44606323630117,6.538010761818477,61.944189282331195,35.69425686483238,33.664791572617915,Healthy
25.039327987367074,86.52138134842924,64.89673736280848,6.006760662130381,40.19440817402836,22.45308684601935,35.10333702331826,Disease_Risk
20.2818754552815,78.61651809499907,65.97940719029015,6.974941026441273,73.74141912446528,34.12798763177615,38.606381919398046,Healthy
44.63116560917914,30.968743319106196,37.27683372420046,7.09826190379915,46.10885925053104,48.40927294297711,35.653271151726756,Heat_Stress
32.010903430945184,49.60602295256106,18.694247178478754,6.156947258008223,58.80404702393004,40.86527618632028,46.83574422718384,Water_Stress
37.18307692162922,58.86232668343377,12.932904986083361,7.799144014035623,56.762230671982806,32.27779545537224,43.13204602236344,Water_Stress
23.699692618550056,57.95023780744125,38.597406690661806,5.89403844266379,27.15137107376288,26.527733758792994,23.937559664741528,Nutrient_Deficiency
29.209290987802966,79.9485184591243,63.669159168448175,6.650957207884689,52.95329379149594,49.012434863423735,56.17737697821272,Healthy
20.945059475150945,73.56758689680161,52.10367434695284,7.0856004825036925,69.69692259231434,57.19028091491032,56.19838986181617,Healthy
28.127335104485066,42.497027856256196,26.609282543550226,5.971227909974523,74.11290718332776,27.03037968726538,40.78178335966511,Water_Stress
24.125496638552562,66.24347018018067,64.12116611520727,6.974316105759009,23.84004765394772,26.81594332860501,26.36810429730747,Nutrient_Deficiency
31.16967278310579,59.01212088516152,29.572599785785535,7.352324050344144,60.217203855246396,46.642003368889206,42.5056983114292,Water_Stress
27.110234110176954,74.18630676078165,55.9287969079874,7.784950010321335,10.705164243178977,24.011216067028364,28.951174701400305,Nutrient_Deficiency
30.794482640629585,92.68320587432346,57.93732088358408,6.868534172285133,48.3265644567426,20.30960726787484,23.99614808070141,Disease_Risk
35.142030100630905,28.34648212875907,25.238415429770534,6.983540250941623,45.28974647127425,38.399595030345054,49.23522073970721,Heat_Stress
28.79746202112891,86.17305128009164,46.2951307152932,5.818716977130055,35.457225152594404,27.751905424074046,44.10614548871785,Disease_Risk
34.677964532148906,89.2437434281248,46.65616277748229,6.206241790717573,48.23706148750003,24.99089217602392,47.72394921499264,Disease_Risk
27.33349028774874,87.65148009437029,62.20178630258023,5.768976484424765,58.62892758520856,34.623647800984486,23.281459786487044,Disease_Risk
26.582298159286808,65.48960760356455,59.14822542389248,7.028699239101018,72.34006523495975,31.47132752328,48.19219479229424,Healthy
35.91401552304213,43.55934575313823,47.92546353555881,7.793946205967071,61.87963155732923,26.793253948282675,44.33724689943755,Heat_Stress
28.12620052386886,57.805003781636714,64.72029861223722,5.577705233396899,20.109805661179365,19.04402338802125,24.961568944174182,Nutrient_Deficiency
37.66436481115278,46.00165598016177,47.138526303618484,6.94928050344741,58.038405103729644,53.197332196904114,39.720383616866044,Heat_Stress
38.79800794150754,46.16823413746144,34.237687422921915,6.090299661911161,70.4597207547404,25.35589120286529,52.8166757816022,Heat_Stress
40.92756223898162,50.08523211407473,40.98096499871528,7.032630675369863,50.93542279028612,49.52325937110494,46.386960541844935,Heat_Stress
29.39394438168533,79.36762461431654,78.20488113130367,6.132979892875925,46.951252661601934,40.48215342603922,48.89946019896874,Disease_Risk
26.59428648475162,55.58478871152968,21.301067131134936,7.597358061572461,55.57889174598593,27.63372223314193,45.45787780751911,Water_Stress
42.324024101227124,33.25973388574909,44.940487801733596,7.628948003956092,59.40821085581198,27.066297500834782,29.65076434225981,Heat_Stress
30.663962061575827,91.03682416294696,68.1778202054124,7.381696552852874,57.627298211293606,43.66408132126895,27.190274876277794,Disease_Risk
40.451187879682784,44.874626809375755,34.246142388672126,6.176453676155531,53.460827019188315,52.73446128374812,50.19888060180146,Heat_Stress
31.371568986396518,71.07789003365257,67.57012928088574,6.0701290400265115,47.386865690762335,30.02883887666896,44.15461023675194,Disease_Risk
32.434149906700284,80.15722039888006,46.18585884266554,7.232889176608541,62.92791121585866,48.21486260556247,34.132738501640105,Disease_Risk
36.63269495330289,47.11353562310132,31.69169809559588,6.556716120549924,49.20430964061872,37.66718148261078,32.186854448156815,Heat_Stress
25.495036068960847,89.05684198462413,69.66558203167835,6.614264245661148,31.62434252567528,29.843462219919147,23.471678208883354,Disease_Risk
35.780819183891566,44.01062992346225,43.94294721922914,6.4249994428908686,41.84709952492628,35.30638513007013,48.355813997413975,Heat_Stress
34.39611885323626,36.85213269459753,22.720622122766173,5.888075814525619,70.2024973215914,32.336543510701105,39.15293768733214,Water_Stress
34.328609236389234,78.6691028342257,69.41300541362205,5.541613849421344,41.52043125814472,25.766038925030923,30.315421694094837,Disease_Risk
25.406055163507567,69.75370085000608,63.68570964877253,5.836590036076582,22.47071605256528,20.607286950381685,10.971432112638105,Nutrient_Deficiency
28.061776286419942,52.61269955344371,33.85087056637282,6.4038916793832295,65.30088849403491,25.34307202582504,44.610501012105956,Water_Stress
31.124042183074863,72.26823762355934,61.792403298737455,6.109673204448861,58.132179516340145,45.737663336928364,42.41860089830908,Disease_Risk
21.4433824970652,72.7156626691758,40.18636918419483,7.960919975622833,34.30412195844392,26.169214426387263,12.523719972770795,Nutrient_Deficiency
28.454818117767477,70.33786763060493,58.02586154869731,6.9416225203084485,24.125305642184784,29.55791115101597,23.39688716428631,Nutrient_Deficiency
22.734248967132743,76.69447891153389,69.50611581508439,6.365596359112708,66.5379523064141,41.5075803974145,57.65604449794685,Healthy
42.645388541282344,25.45042781355271,28.09576107938544,6.626088044383439,65.98283315820149,54.6473025238887,47.733297691768875,Heat_Stress
25.948649331569495,31.79739098804007,20.990137498010274,6.768502260214718,47.14080547471895,43.19980788461909,34.37747497740799,Water_Stress
33.3044767469777,93.54612448762649,78.20770617791487,6.195673083546806,36.422293441038754,35.0190324591403,41.85662268391768,Disease_Risk
41.905431759606444,26.8010913317205,44.41454207620539,6.753078848704273,62.0451774326754,38.49564457191375,35.039696155436886,Heat_Stress
38.73820790320569,47.73201347779187,45.58292435537601,6.024743481570209,41.908830467661396,53.46822745077367,52.801890853273214,Heat_Stress
36.02259735771947,49.75216110255432,17.541233339429965,6.835498255594475,57.83328981401494,47.435309229437486,33.866261537262,Water_Stress
33.25756671513176,72.77327112381528,48.70621507881458,6.7211450876244285,61.28625031065565,48.42150481832058,44.70830684061487,Disease_Risk
32.0480457340836,92.5043617263587,49.8798152709774,6.60191998059863,42.32328803086149,32.0488976577346,45.226307486079214,Disease_Risk
34.33871750646169,52.02599264413641,31.51943414385813,7.750748255829761,44.57681530433353,36.11620594150874,41.84953647245108,Water_Stress
39.36057667463368,50.321474610515104,43.42811110890112,7.370763410182292,58.90450509566545,25.09922080883917,53.624660377784366,Heat_Stress
37.71310379080337,50.56248834271776,39.80301119988094,7.528564547119907,40.667741337696796,51.02231328563444,44.48233434256685,Heat_Stress
29.116816972859972,33.196527531337836,10.129880559250752,6.4165349102725955,52.59711240714138,33.09299329718159,28.975210134825982,Water_Stress
43.897673251634664,27.39870409698616,44.030598470326524,5.921400376572103,59.53069613145076,53.147315730995814,37.478596081292594,Heat_Stress
29.62601699325353,73.84538732905611,64.68210847284601,7.454789417113562,18.977802745939126,20.890356120681034,19.693589708810165,Nutrient_Deficiency
25.042069766748778,78.42095152910146,47.35444217789911,7.1023713429430675,49.01073468539295,26.292174759652422,43.869552480428275,Disease_Risk
41.11089756048654,45.74540854242,37.84906958914159,7.374615159067171,46.20967435702878,38.66013484060797,42.368988773268896,Heat_Stress
30.875892393154736,49.008832900508935,32.00312703268308,5.986189568085234,58.04647152306947,33.34677063555351,53.09008342265726,Water_Stress
35.01995875527763,30.1554433922139,23.758814144490415,7.658199360339955,54.241760804140924,53.05096295788455,51.35198864542684,Water_Stress
40.74188290810199,39.59890919498865,37.764894052462765,6.725816868623765,59.42806954248165,49.660691569421346,30.285220066018937,Heat_Stress
41.227537802755535,30.633683276320337,20.581861917409892,5.899264144446197,58.723976357091814,30.57812794424577,28.068204659696192,Heat_Stress
42.37619012553509,26.005308747108252,33.82503905936839,7.341991935580377,58.23986920200494,54.463475542168425,39.18476634974546,Heat_Stress
35.52321638600953,42.57721795475256,29.151336687847582,7.567513243690749,40.547602872724234,31.182448655506427,28.026901392775212,Water_Stress
29.75036201702528,50.488261470072786,29.068148447389643,7.708905967881773,66.96284672286149,25.500682053125686,27.025977078183015,Water_Stress
35.49240200654581,38.15941785064061,11.596799728078702,7.22464649640099,60.18280861499644,27.31210093859156,38.65593333038282,Water_Stress
35.70341219360908,32.21252138733717,34.30949328784415,7.084677178772763,55.74910734820486,45.403269719487426,35.33544342108099,Water_Stress
29.639185482253012,82.24057589572713,75.98945635246585,6.4528793732595355,52.52228307734154,32.692117413183084,42.6947193047113,Disease_Risk
33.40504423921351,72.16185830751363,74.99408173011174,6.47842679712473,69.82657349599677,37.74742613885306,45.10967078717714,Disease_Risk
30.87945121407353,63.727142991846236,44.491503729461265,7.28917114027509,29.473529435845364,19.75161691496215,22.620655445253902,Nutrient_Deficiency
37.529778162394216,45.16314059192011,22.37424619666009,7.169393341119973,54.547065234593916,50.19675406303668,39.66098535819057,Water_Stress
21.36828030026886,72.77959853237351,41.6524132346057,6.353392786442097,30.74709714086003,29.2886736690868,15.83967127616563,Nutrient_Deficiency
43.05525376586586,38.16156694289792,25.788958971504755,7.178499960568084,52.5358624037651,29.04196521282857,51.95989132810128,Heat_Stress
33.37629527358493,89.8651836593074,57.66210293792865,5.559525854029934,35.82337223593946,20.298461403912096,44.187405970100016,Disease_Risk
26.861735579682612,72.22653168403224,57.877205393867946,7.394487016904993,34.694020752345,41.557502715104306,33.05476205945595,Disease_Risk
28.464525331730528,72.83896441570711,51.717060401809555,5.9911732196367495,63.089152965110706,33.92479102731846,36.79475031598503,Disease_Risk
44.69542264554546,45.92868630721142,25.311099199391364,6.995168397673121,62.08666329243709,44.07553409277507,41.919534601638624,Heat_Stress
33.5518051001208,85.69990118703113,61.66142496540439,6.888490197334898,34.78334736025399,35.37577608219324,37.25791059826577,Disease_Risk
30.89910819449514,89.56457575805481,57.174874839615114,5.509140082563615,39.42556029316869,23.52523468135376,35.90597062784243,Disease_Risk
36.10464134039404,40.69601617579707,22.00039529288797,7.470386715796582,44.54209932127861,51.20478332741717,31.062370860663464,Heat_Stress
33.39184476959739,79.2407491777302,58.04909028430788,6.069300731195811,44.05420133712451,49.3257088465041,46.229052072994335,Disease_Risk
21.9901226243859,65.42410041549147,48.38661331517005,5.947862959771552,33.71779579032446,23.188266139059536,29.35471119675026,Nutrient_Deficiency
29.75401262719221,77.38704084763968,46.67048960391284,5.653065039475292,31.803796146337543,23.228965143259966,32.74740563624041,Disease_Risk
27.81891121733518,57.60898178695952,60.64930778803786,6.558903868583408,19.141102360911795,15.511210857599774,23.61211410126897,Nutrient_Deficiency
42.93697104582878,38.685537787800854,25.120681636486683,6.982084978579843,68.62300622173744,28.18993600774847,39.9143048960665,Heat_Stress
28.803199797582252,74.02367500664403,51.90671439390462,6.015226671658016,78.44187733331094,32.56838885874064,51.60223992312583,Healthy
31.50101274641837,31.359100574012242,13.42590933918801,6.466081410705534,56.581045263831655,38.70965677848622,43.18781567211413,Water_Stress
39.51698087829655,46.67940374478499,23.39514758730785,7.35746228375208,72.82448601947337,45.883424255193866,29.059200225710878,Heat_Stress
22.242448691075655,62.16436763854533,66.13433546503363,6.551341575923026,72.87816895810549,47.223000129943884,54.21664113457033,Healthy
31.57147787751237,58.82533165413474,40.32277695464789,7.206647129253838,14.674414538308092,13.475902637106103,20.276937055491477,Nutrient_Deficiency
27.161918007894148,64.77371905231692,54.89464616978136,7.007535334439957,58.999912393962866,39.485315888155625,52.55593477243207,Healthy
29.18329089224555,63.13028448404675,46.85339774685853,7.151807912268101,21.849691934198788,20.66935527620699,12.727629206590937,Nutrient_Deficiency
27.094989615689343,68.35387919686961,47.87933431659496,6.031284838537124,59.74304538336541,54.03966462931356,48.54375789912721,Healthy
38.24654108620092,36.15158537306114,42.92553103713114,6.661176145466491,65.40536892653094,43.252401107711165,41.89434108412853,Heat_Stress
24.309616852515173,71.12796130184049,74.292695319834,6.197753575586578,59.68228536366432,20.80699527975783,46.74028671350024,Disease_Risk
26.999373890256866,80.48785012890531,76.92366174184139,6.211968646179361,41.59424790491584,35.888369896772474,48.089510592108965,Disease_Risk
24.96358493993168,88.19633392389954,60.547712675880405,7.485194331640151,62.14742018059026,28.659020549906117,44.170183553099776,Disease_Risk
27.000707091359207,92.27236305608184,65.49870906348426,6.667094781965085,68.86509418610504,35.78046219799987,37.1236343340357,Disease_Risk
37.83267696008704,32.34475221587903,22.13728613660728,7.026525767031954,51.8558612385407,38.30942915023704,28.9022200619413,Heat_Stress
26.063176512429628,75.81481659686838,50.64217842662587,6.783858802695327,63.515433946662625,43.28163012057985,55.8049999747854,Healthy
22.24286810970521,60.86668832645273,56.51908125362286,5.795825557058857,15.758658314983116,26.2234525874592,24.405113177498983,Nutrient_Deficiency
31.55532187860166,52.932123441217186,16.99301694059955,7.778181401241445,63.813952404160126,28.564330591707687,54.25248446241352,Water_Stress
40.47949017279001,54.216751936608844,31.514493763311194,6.4814283163583,68.48704967120361,42.72910597126524,48.52941929851589,Heat_Stress
29.138470724569903,70.901228094724,37.93150725040348,5.834707764061504,21.9285309251135,14.650257812453113,27.18106494602823,Nutrient_Deficiency
42.1201912797666,36.21878203391503,45.56388297396755,6.782891194132669,44.812945281956516,30.797794884355305,25.966886596811374,Heat_Stress
23.02398451133451,64.00094046491647,55.3158846916194,7.560777053676659,19.928813499303004,12.046242059372004,20.230274349366034,Nutrient_Deficiency
24.861613610613368,67.70108935522154,62.1891073219455,6.8789849963153955,23.586733097952965,29.974563500237036,19.442079015658518,Nutrient_Deficiency
31.425270381540734,86.50196473184673,68.98809584884891,6.644420466867363,49.03644220896226,45.630544086466195,35.20055146271075,Disease_Risk
31.04009769671149,50.86167755988192,25.793396193958444,7.422995363695213,42.20851879612786,48.28571199110265,38.7303873234206,Water_Stress
27.540491510346705,57.01329891679269,29.012055508042415,6.290253748753166,40.223225896313146,37.3010832869806,31.98993225579229,Water_Stress
44.180190758285825,26.374050805572246,41.03890433507854,6.0610754670853195,46.02871531354748,26.49873992159866,34.22012004719806,Heat_Stress
30.65477741965481,58.926548241982225,15.919293368547413,6.32198187784722,51.02531203934154,49.024504659984856,46.02176818964627,Water_Stress
37.612525879034976,46.02324617718068,34.54755541253295,7.398744012823535,70.1705049809677,35.28543986024074,27.53204397127307,Heat_Stress
34.67396740522206,80.5958049611385,76.37500892949687,5.7791353737639115,53.48720270333758,22.582339229503113,26.233513721055793,Disease_Risk
33.44428957717841,37.48834959280194,12.836215314625452,7.271349718958855,57.466538608976336,36.609621401177904,41.85018132278941,Water_Stress
28.474943663474598,72.07452062733782,65.17820683185951,7.094597680040727,66.08684274364103,59.19347291938112,41.35603131625061,Healthy
39.40185008391731,44.12723999484254,26.32570242384614,7.268722221878663,52.07765018121452,44.267832919447606,47.66451794345625,Heat_Stress
37.956726612107346,32.90047806686296,31.013381210136185,5.8014396574484985,62.330912185523815,36.37130708999732,30.566028702914497,Heat_Stress
34.11987953790377,81.34269662709114,68.57635149579656,5.737024698026239,58.54254847858708,25.716324958067904,45.858101728576216,Disease_Risk
35.71344078176558,29.85998466840956,26.8465381816362,6.4337564833911225,50.19747234780469,33.024171726119135,44.33932879465564,Heat_Stress
37.2379445391686,50.83288831167687,38.508262617450825,7.625723221353431,53.72269214255629,45.98843863247285,44.95541855625687,Heat_Stress
25.535182444275126,66.489938290375,43.71958002560256,5.668406893512003,12.455060034509298,24.511785146682804,19.74380820267497,Nutrient_Deficiency
39.51906329612862,53.52180249302731,26.484196377940567,6.404636597261023,43.92809452934227,48.54831949712225,48.33371174382383,Heat_Stress
44.705371730952166,52.29206180692513,29.878542151116395,6.884467502411784,47.236504613135324,29.157295803956096,41.24061480553045,Heat_Stress
25.938111951195634,65.82518578062056,50.78690586390064,7.06043374481855,71.08962674281152,43.620939792211296,50.621547602137284,Healthy
25.052522404552477,79.04753261482921,71.63948837323021,6.579445652776074,38.77104534632444,43.109938493325764,39.77981475176857,Disease_Risk
42.324410667559434,40.708838845124546,43.26599627599224,6.086590095899721,70.51296449034515,49.6641555388883,53.14071540150343,Heat_Stress
26.35779822727647,56.88458769137151,59.069005880234414,7.473888962877386,19.530912404976377,21.78096172282413,24.8278808456449,Nutrient_Deficiency
29.952274126609016,59.9464967375683,36.28088957271292,6.652487305004852,14.19973021822641,21.477683996134456,26.433708030645676,Nutrient_Deficiency
21.231719857761828,62.37015643026648,51.71393034214499,5.500424288695841,12.272388672788306,22.08406552123595,22.381323074927646,Nutrient_Deficiency
28.640640283752795,76.21498633148778,51.6701427398618,7.181061763703207,53.242868792088714,56.16500348718269,55.75779754013345,Healthy
20.57165272907483,71.68355188917943,57.57125957298784,7.279079838072428,54.722981838184495,58.82336709823351,32.40334395721761,Healthy
37.763835621577435,37.80950196658555,47.10174478610885,7.339761018307799,51.31914447253034,29.8589809493865,27.219911801208735,Heat_Stress
34.124773735360634,80.11405828056277,62.479592054323376,5.790767773207859,48.3216294431124,29.60653792829512,20.128829174522345,Disease_Risk
28.914965529620858,31.432483398565537,20.495638593836077,7.387798217278876,55.9989765822757,28.32573685870045,52.15440656985996,Water_Stress
28.30472619567397,65.13940169126525,65.61724531356018,6.722771744810612,74.194654813813,52.39678052151135,40.16145761405659,Healthy
24.48613547833132,68.43763279668808,51.96362861667351,6.374709671823151,77.69796797828039,43.29392235160371,55.84047314285492,Healthy
31.848431880963545,84.54796559990383,54.55404766999634,7.078985464587572,55.75324712491782,32.00706586750536,34.27478849888079,Disease_Risk
33.33889853971668,47.30313694432137,26.278249437139998,7.333918001832622,54.58053742821362,44.169735766266115,39.941141804083486,Water_Stress
20.47333423962432,58.71701531713038,59.04788308071342,6.281767767406911,28.463504894804405,11.899969406611605,25.164080096824765,Nutrient_Deficiency
44.561836558896246,37.953576358516266,47.541260492518376,7.516711346396663,51.723859231631565,33.01263447157659,27.948303652259092,Heat_Stress
30.400615926880224,51.05431915870549,12.060695298116148,6.873129632140031,61.561646948336175,33.3240320720368,34.297206568499256,Water_Stress
30.41222023447878,34.47652823475491,19.4115047126783,7.308832194476251,56.5731587144277,50.48022796780121,34.022092563854436,Water_Stress
22.417572600225693,53.914686368575474,56.50812898072448,7.796951968268015,31.107102160941267,16.471776226096743,10.438257924871445,Nutrient_Deficiency
36.41347420923942,45.962656960247585,20.551655376689133,6.966009886652831,63.223491969987506,26.304460224983767,30.1095894113429,Heat_Stress
32.32948763071443,39.11727921804249,25.567938097302616,6.727853381160998,60.70918272446856,39.800820275646544,48.17839788851573,Water_Stress
20.810651127935042,69.00985392674565,64.82594100096426,7.192282440162749,15.748253464728853,16.314613880578573,29.108913742467205,Nutrient_Deficiency
28.115546820289296,61.546298522201425,60.17099063689362,6.89586059175547,34.69479061903693,11.091322304553517,22.86797433113626,Nutrient_Deficiency
20.250246496464822,77.68469690429704,59.035184556246975,7.372883863114739,56.6410160022197,31.896511234805864,54.71566054171343,Healthy
25.179577504437407,61.00436770281282,51.22995699149929,7.272504521027489,63.693854764105176,54.042498051667934,50.02733197759059,Healthy
23.58026904580956,51.621859119277254,60.627193112100315,5.84341314793281,15.007414769878586,18.18383693504208,21.388071759469078,Nutrient_Deficiency
37.55938530333978,35.99062060282888,38.1786087269735,5.941747921900244,72.55738628831679,31.262142804805045,39.74216504284822,Heat_Stress
24.83208061059216,64.74411403855149,59.29806730876847,6.8622178952679675,79.78076130880693,38.85692261649808,59.33833453730588,Healthy
25.420062094227987,74.98710557004699,66.2012152539678,5.7018074511510495,46.63937447758158,49.81301706144029,29.109556801926843,Disease_Risk
28.8739097620742,75.94524455613808,57.272382076185814,6.903176381977026,15.939886814155113,25.68614345741773,25.97643504979141,Nutrient_Deficiency
24.38157997519587,77.92359411307099,57.0346455289278,6.245829872018533,51.5946638511019,24.877928242156568,29.04679308566973,Disease_Risk
29.878136032797897,70.14617673958351,49.083739112806775,5.843470702406778,49.08479495649428,40.75418689960799,46.06341562965149,Disease_Risk
28.30569169721415,70.95743901221657,67.43020258083155,7.115483163239377,64.2402331046916,37.77574645395058,37.41719212528979,Healthy
31.614315824622842,71.49129299085665,49.7775524771871,7.20330273308656,48.343156998820255,25.136039501504506,30.3072802468807,Disease_Risk
29.710783776136182,77.21559404468996,45.28702554857049,7.081082729040292,70.45131107079725,46.109109912263854,38.00475569857628,Healthy
28.317718884748544,61.86460203407355,47.41411081414464,7.108193997733073,74.35307855832177,46.6911220684605,47.59395248218431,Healthy
27.176121871387977,64.07194624654906,60.855948972126995,6.3959758524456145,64.6559555644813,57.1600947323797,55.383111398845664,Healthy
24.62858587711177,75.52014734109753,58.99697290846851,7.12211620968066,29.922738925885174,12.261131127552922,23.923397470475898,Nutrient_Deficiency
31.646961077839308,36.09592481873484,30.201502024266333,6.872780345778916,53.67560260389224,44.0288274205977,50.03579407554258,Water_Stress
23.625976689820444,63.60525845753689,50.35481653022251,7.42150240130152,64.58812762618182,36.79629139601661,34.12696059531238,Healthy
39.731605319540286,30.072377228631076,21.548596543741198,7.780729658778805,68.31135228878485,43.729510164402,33.60446963118617,Heat_Stress
33.827806739874134,58.46470587796669,19.300334461767093,7.326168943597159,60.087262241686346,40.88379644608869,36.941021378573495,Water_Stress
40.33940046764566,50.027508768091664,33.479218326488315,7.79166725600389,41.29649379756286,26.6816335926321,48.633355957495866,Heat_Stress
23.85195433344727,71.53176086993199,51.36806265346455,7.063177925751256,50.05073834655889,57.76725496497248,46.153559912783756,Healthy
28.40686716620183,84.76393080830032,48.56027547977958,7.350580631083662,69.11413316986656,21.941312334770707,49.25622482577407,Disease_Risk
26.496108467084216,55.47540024140729,26.199247931942843,7.154278665781768,45.75239324977461,54.51701411764834,32.31738839655978,Water_Stress
38.16597717253382,42.10829223566055,47.396127957007046,6.409100266076648,73.01666541236398,38.04181100080711,54.47740910540176,Heat_Stress
36.75629088237998,34.9154449627903,30.138105658206293,7.144945914732043,72.06570686107513,48.91763151486775,44.369566619937245,Heat_Stress
42.515402086696135,46.15798552136558,29.434981951826813,5.86325643169131,54.485434875174775,39.91163303190069,32.129267388191124,Heat_Stress
28.400301156009583,45.38449620071321,22.431932327524585,5.99721646313096,74.34614598963019,39.08471266067675,50.19193544691055,Water_Stress
39.49398418024722,35.88830167471764,35.714519181984464,6.568174748523143,67.68733079829587,40.34999354453516,53.49261667428158,Heat_Stress
29.605730852382564,53.15969352446223,28.023114033182317,7.086618199998923,64.26596585104373,43.30229740236255,30.767925074101402,Water_Stress
44.13353846167058,38.31322278961421,20.7480432388988,6.7653263822936385,57.501900795047895,30.70635035785643,52.70910303670286,Heat_Stress
27.948265430315026,75.29851850257332,46.22689289483215,7.118355300161475,25.226252615950422,15.969518525065949,12.16209061171687,Nutrient_Deficiency
27.128523121425815,55.32751082491585,61.11442315755389,6.967200621056067,18.743997541116364,13.270272290357017,27.889838406243907,Nutrient_Deficiency
34.856501702651535,72.76104765608649,47.09810085188911,6.245957736071295,55.07958129271846,30.63420037712448,21.431986188119637,Disease_Risk
27.070879661735464,88.25044386612444,70.76626006916871,5.993308354136817,43.091837893202516,37.38401090109495,46.754678844097185,Disease_Risk
29.782181071540467,83.30239134143054,64.28894899472051,7.012613487282102,34.558669453068454,33.81474075824718,22.292009767122337,Disease_Risk
34.14624145632933,39.32933845153981,12.935393646119408,7.6322607717012705,50.32631600546864,43.43876344431547,31.573858028060318,Water_Stress
32.75760755664631,30.493060566176833,22.884393255235153,6.283876268841986,45.0251894086191,37.87716679310002,43.444287483278515,Water_Stress
28.294607899596627,65.34895450308221,49.51040179902136,7.054048159298407,59.269540664897306,40.19473970331775,30.18317368210976,Healthy
26.124943920125425,61.90355472949122,50.065018089992925,7.156696223446742,31.199546002596666,26.13080113855797,22.280719531202564,Nutrient_Deficiency
44.323373440208286,45.61156992199808,37.82862742361615,5.974151783187534,56.34065658689667,26.384193100728723,40.617331363152005,Heat_Stress
20.48395769730396,75.07774252963958,44.83380976654376,5.728032259478372,16.205469736531377,17.114855110085674,20.26919350757459,Nutrient_Deficiency
38.7867863141258,36.418210277834405,43.04780971353165,7.624505557644264,59.79220524799592,44.78591021806132,29.502692035315352,Heat_Stress
22.286920519284855,70.3024442503133,53.80060786014867,6.122057807189705,27.338118679259928,16.886995481266418,12.578616008566055,Nutrient_Deficiency
29.10725366132649,85.83505757178435,75.11339278486129,5.641397183908213,65.73737761102635,29.987184151467755,20.981425262225414,Disease_Risk
39.48820623621375,45.35480215751125,48.852881684210914,7.1657526218275835,41.4356165260654,52.53136423184574,44.12272453766199,Heat_Stress
26.34784719454087,69.83451604382027,47.28106015734568,6.521941584441976,59.99925180995276,50.104005285635566,55.731992832010576,Healthy
26.88183813622722,54.83387421102614,53.886212746644645,5.597977163098709,24.306732480761614,11.118240083208883,15.165192920334169,Nutrient_Deficiency
31.526532253274574,57.05823027774814,14.48360875680764,7.4086760389175135,74.34948523795232,53.62238222381283,27.067793133182352,Water_Stress
20.86938832629416,68.43843639370542,45.744930485951755,6.3279569622054055,65.16065864310087,30.79607909051591,35.965129520599454,Healthy
34.23359635271835,91.94741879926713,49.61718367887794,6.134634773586028,51.21695203570415,24.25387202063337,23.50526168493992,Disease_Risk
24.46166380927237,72.63527709376929,67.0474140653914,7.241738948306236,66.43943082143022,24.710976420719014,28.763689631558215,Disease_Risk
24.51594537252254,77.21727279340459,50.49115346502711,6.382245019399314,31.69298554678118,19.73723125348351,19.64220179426252,Nutrient_Deficiency
24.283780132347445,67.41141752436113,57.64901974192695,6.511846762291925,75.48726880998731,54.66992754270174,33.16616611931996,Healthy
34.55743080256005,39.97555825115955,11.108392207380204,6.892027490415383,68.47281029446309,30.252673811551254,48.374277804348445,Water_Stress
25.945191535334413,72.38763020664206,55.48062288339681,6.875508433936837,65.68348146595876,58.041187732092816,36.12777598270609,Healthy
35.97698759475829,28.117218543328242,33.378266100179346,6.238832651454965,49.91539566827091,30.79238594339231,25.71101418571112,Heat_Stress
28.601454973632116,53.23297241862476,47.43411035384991,7.816566326343277,30.936655937161625,21.776222157958028,25.442903472744575,Nutrient_Deficiency
21.29641521457555,50.0384347248407,46.578112938602295,7.331461236246922,34.22754562764213,27.69103995174455,19.861639869476953,Nutrient_Deficiency
23.28772998169231,74.70518875067349,50.15379124811491,7.08852452268961,13.0968214722675,10.611263847639872,17.449335230706144,Nutrient_Deficiency
34.148074516932574,30.03258911075171,21.920167706522854,6.065399584079973,47.91668015107921,45.39948175364737,25.278608428253804,Water_Stress
20.14148367256064,70.68270178535326,51.85778316958168,7.461442396654107,66.60076900395825,50.92252178730583,33.78838478875227,Healthy
33.326225396581016,42.96403357287848,10.729806858559764,7.028213874743839,46.906355252378624,42.76609475081105,36.66507341067121,Water_Stress
24.522844972241842,94.90569233401132,59.07095732659925,5.951771954068128,59.71552102504404,22.758735057199036,45.32560652007012,Disease_Risk
25.77819979267383,64.36443928160246,41.321118531552905,5.903115649656565,30.834124909881353,10.448920763085827,10.862886626703308,Nutrient_Deficiency
33.26152134676226,50.802987795880654,26.13150237699876,7.7997991051261835,59.42194015413741,39.689260785766265,29.208896052933913,Water_Stress
35.91941282576933,53.15516403186439,39.69816555693007,7.470918274176489,73.26711357368882,44.142486554784355,46.242253174885064,Heat_Stress
30.120748265471892,53.846916851428375,18.477132498814132,7.677897133910751,66.4237810302478,30.971736446573498,40.273675486755465,Water_Stress
26.2744604170309,75.84158728725929,55.5539991699921,6.0952915592279355,61.4485785951961,59.8836414072029,45.87343035297411,Healthy
29.625545570176023,58.23428534912176,20.79619865598862,7.159389716176317,63.123516763020646,27.57082352910207,43.558476707796636,Water_Stress
40.02475212121673,36.81150768557194,40.590159395911684,6.149600724238098,74.17775183329647,45.947337042884186,38.8021177013929,Heat_Stress
29.978733166776188,34.502540047234504,33.27900192892964,7.514970395495944,59.350267597355256,52.41843008563387,47.219974843197306,Water_Stress
32.44512176496224,34.49557144147243,18.202940943555163,6.840683082369574,44.06840077646325,31.162044566180846,42.49443035323053,Water_Stress
26.78486254760133,69.73265506728501,61.678313968408744,6.068126043906641,61.857901882628866,47.97974870833352,30.230612576996485,Healthy
32.12344479566515,94.39002590391954,56.59482261280371,6.910902713172985,48.95642694711013,28.69481547987585,48.32028577197231,Disease_Risk
26.256469285215267,83.61063227511191,72.59195526418507,6.804074174793717,57.89883862294275,46.630246895215905,43.4468927939438,Disease_Risk
39.85370287236695,27.962607599455968,37.13036544064097,7.472599053212982,63.027244039973894,40.77464087843235,46.03942064724138,Heat_Stress
26.645626417651822,83.96217416097944,45.43480470225658,6.9635725677999565,67.99735582411482,23.981360053659756,28.873712846427196,Disease_Risk
29.967832645650677,53.14742710700291,56.56298673548504,5.7943364210930985,12.850313817106198,12.1252741661279,13.972933234125644,Nutrient_Deficiency
31.59149140574524,82.88468606849936,68.43200615528949,6.912809834635586,67.06528393813005,33.13480119384532,33.71406919419328,Disease_Risk
22.675017372755775,63.633799478107534,51.80452535318204,7.049394924192711,21.828342027339723,23.143344128622793,24.318270005663106,Nutrient_Deficiency
30.900038169693893,77.32923604855996,78.93511119398562,6.582869916136882,35.281094751925735,30.401007403462373,33.315801561856844,Disease_Risk
31.701574517914302,39.83897542909579,25.32670302661695,6.125004091753879,74.6715508146399,47.17958081720812,33.97703027584955,Water_Stress
22.160450474915564,78.74715009453661,52.98072568384789,6.909011755839413,10.465500890930922,24.390945990081775,23.234901252583164,Nutrient_Deficiency
27.11972586830261,85.00973771068722,55.92024187778405,7.452358094470057,47.758234806619114,36.61747673316648,28.717679750538387,Disease_Risk
27.250531763428242,65.05510953412225,39.169049212313894,5.91401455607248,11.92720564353117,22.869540047766193,14.230342082715095,Nutrient_Deficiency
36.18387290717179,34.52792767573651,46.38914364848796,7.254159066520383,66.79022543992147,51.403957003257275,37.42120466259037,Heat_Stress
23.367643719642814,75.32615208894484,48.2762260357377,6.565079806233787,54.867416362653515,54.940351700673766,53.132934411929654,Healthy
37.18386498197662,44.30014500906684,47.37827668523379,7.230800635501686,43.615049058348916,27.187585101368796,42.14033679534759,Heat_Stress
39.13559305097617,38.52657564541223,25.366357368308467,6.980630950579307,64.9422036957206,31.057960141274727,38.64049622942052,Heat_Stress
24.599797040641526,51.13175955424814,40.98242753684351,6.432753513568428,10.351927968115803,16.44426267696138,26.66457333133128,Nutrient_Deficiency
35.29465898455208,41.64818054790416,28.405815338846153,6.103416361537369,71.401136023921,44.70795276848838,27.633850514119043,Heat_Stress
31.223699369979833,75.1644833203675,49.487958906077786,6.770832247679708,33.02905785109503,13.544048770042911,21.571087714083532,Nutrient_Deficiency
20.847955367251217,70.30904019830433,60.82352139414489,6.502782383114702,74.55270393609993,52.53414412622197,50.18387011671501,Healthy
25.874925087560197,72.90707501316498,37.64124031277134,7.036199346812655,25.837188517564854,18.067869607959008,29.306556802600664,Nutrient_Deficiency
26.532200745060457,55.2154944933935,54.61025939401652,6.413241944977619,26.333413663921245,26.70938135353289,20.333257951078775,Nutrient_Deficiency
33.29808074872873,74.07118081704797,47.04786378975808,6.139362222865879,65.1326905766973,24.0649218165991,24.89926555444784,Disease_Risk
36.467253540521966,29.47649295322025,35.937674632259444,6.579965320461573,60.22759952135825,30.869998605324703,45.44550363959938,Heat_Stress
28.204748761855683,46.74259952422213,15.621675949820418,7.745821255181138,50.416509784691776,33.67012412210575,31.218333845639208,Water_Stress
27.299310690899762,64.02302126779392,52.79290728252237,7.492724034991342,69.4963417291836,43.14300251743512,45.52727523106772,Healthy
31.510307071290427,59.22969982307989,11.34241079868484,6.674176505686998,69.35361301646113,35.21778239425318,48.07016960096327,Water_Stress
29.661026830345836,59.163790951536704,64.0107333010513,7.10685077822541,20.595170016490478,17.529509045420014,16.974183985441627,Nutrient_Deficiency
28.45155161328358,79.49093204251416,65.46067148851674,6.920359920803197,69.28097491489494,30.7876149436075,57.87252872984809,Healthy
25.588767435461776,40.33586599686404,11.59399780280208,7.78824732095384,72.71039796097313,27.070574384809415,53.01326687754792,Water_Stress
26.466532335607088,87.15591339648431,50.42743952999537,6.4906445075166035,55.18238325334352,35.74033351629304,28.721090734351982,Disease_Risk
22.84927932563358,74.97073036190872,56.223199075833506,6.801016724547392,59.28403689688369,54.25871613272359,44.070468150967585,Healthy
29.681610641782793,44.9883001728415,24.172153205961244,6.535375555713623,48.929062836367734,28.08714745065609,42.217369155761695,Water_Stress
27.04069242316305,74.84297482532992,72.88145400749602,6.870487508830156,68.74295351251493,34.23238519523624,25.289714521115926,Disease_Risk
21.20161204765949,69.70593264128703,42.99581003197049,7.540712904021837,32.93148706426101,11.118173117048995,29.927840970129143,Nutrient_Deficiency
30.541706448769684,52.78853946312267,59.44892868609489,5.957173550759107,20.019437857018822,29.24619860299508,15.436661815003802,Nutrient_Deficiency
34.177848692297744,38.92334504098056,25.36211289282299,5.969503937246055,44.688171937774875,28.535849579849703,34.161400076064965,Water_Stress
36.15994364414537,30.028011902574058,31.962344082347734,6.4027342599073975,66.11526908866176,47.57283559198512,40.975624971165054,Heat_Stress
30.64082547563161,53.531289323703334,24.146415698775876,7.515920626727339,43.33766424147555,40.844775569249435,26.276552728511355,Water_Stress
40.9523120255958,34.011797615298235,41.923680858688314,6.952567392312677,42.746708857299886,26.677681264699583,48.12704511010415,Heat_Stress
24.967272865238705,78.08310581787451,52.15485378647986,7.198290179261398,68.21194994492798,40.5696286750595,49.09853634017676,Healthy
41.02301634316542,25.343031428878106,43.322558544321424,6.564973924370526,50.6674187507735,26.235467564906894,41.197891883160075,Heat_Stress
27.10042470611265,92.54150728769933,63.79942711555594,7.447159807761749,33.94742874033216,26.420461592184864,35.12585815443772,Disease_Risk
29.239110444825485,75.75656053293463,60.62645017910555,6.9917745642800515,78.0100537533654,42.75416898312635,46.336871361317364,Healthy
28.60057954028299,32.5274614799396,23.834915794618254,7.000015734451706,61.265758462043316,48.369089575397794,45.71428225043961,Water_Stress
22.2159640047253,73.83574310590404,52.65515075325221,6.872333377998551,64.19781466278575,45.92765793437303,42.765114381156444,Healthy
29.210872740942214,50.26693958210137,62.34546314157115,7.11842888543756,25.028548762363343,10.169274542297426,15.047808827213029,Nutrient_Deficiency
36.96509839821785,50.75126597694323,23.59113008468694,7.381441834098518,52.5835322555691,51.86504546082698,41.107179580737636,Water_Stress
29.723044698462772,54.032879266865095,26.985265195367248,7.705578792559216,44.99728139268924,43.22718709962566,48.439359092303995,Water_Stress
26.415621218530557,73.54691165888352,62.195795165151644,7.179671189906022,22.682871390170384,26.908384884891905,26.812773891928,Nutrient_Deficiency
23.166611539333996,74.37434850445966,63.98504523335909,7.308574526097805,51.076972995130596,32.05262241544654,48.93483050563921,Healthy
36.83886199103384,25.69303276949523,41.83317249297213,7.124045095617279,72.91530680682985,46.02090785274053,27.401942136266413,Heat_Stress
24.752823780987313,70.99607186989888,51.62641572350148,7.308649561627886,62.69413820602661,36.353946163262464,46.178882663383746,Healthy
37.50082294077238,45.75152284992704,47.2148738901622,7.392972444951445,65.1431151901497,28.706326505063004,28.42494816472233,Heat_Stress
21.650447312035087,69.34780298464621,48.19069493202902,6.933385441461097,50.80899355715413,41.82060769019114,46.931759490743225,Healthy
23.298036635789654,73.87347347966865,52.205444884036396,7.417790309344816,74.40698104213918,46.50289826915349,43.64477725805188,Healthy
26.736394168558455,34.595566940675376,28.693370928771415,7.011477896178139,54.55459654009286,41.47703526455094,39.12484230637934,Water_Stress
33.056462985134814,70.32244159596962,63.13597611970917,6.246028390210983,49.39596099018887,30.209392738545098,47.32363935478683,Disease_Risk
23.50173759255329,52.45808284138977,60.313072230408096,6.270883500294324,19.936683712703072,19.781936242413146,23.2208010949201,Nutrient_Deficiency
24.937952193450844,61.60883703798602,45.996519604590326,6.648042996241159,59.669647500749,37.51103707236012,32.739806598929555,Healthy
